Lake_Area_km2,Dam_Slope_deg,Lake_Temp_C,Elevation_m,Risk_Index
0.4932,12.85,3.15,5120.64,0.4413
1.2364,12.41,4.43,3930.97,0.6651
0.9543,32.19,4.18,5680.99,0.8088
0.7823,12.49,0.85,5032.79,0.44
0.2113,13.16,0.82,3893.01,0.2234
0.2112,27.78,1.47,5905.85,0.4528
0.0849,18.49,1.99,4795.91,0.3088
1.1274,28.3,2.25,3682.25,0.6786
0.7854,6.96,3.74,5067.08,0.5
0.9234,19.63,0.31,4133.0,0.489
0.0366,6.01,0.19,5509.23,0.1501
1.2612,6.88,2.16,5544.56,0.6074
1.0839,32.19,3.83,5947.37,0.8466
0.2839,9.18,1.06,4754.67,0.2548
0.2446,20.97,3.53,4637.39,0.4289
0.2466,17.33,1.43,5383.69,0.3518
0.4025,15.42,4.87,3831.18,0.4464
0.6869,32.0,4.93,4867.29,0.7196
0.5672,5.65,1.64,4865.62,0.3372
0.3857,24.91,1.26,3723.68,0.387
0.7993,33.9,2.26,4544.96,0.6605
0.1899,21.81,1.32,5633.21,0.3787
0.3869,33.1,3.7,5640.38,0.6229
0.4826,6.57,4.54,3748.09,0.3798
0.5983,17.56,3.7,3726.8,0.4782
1.0229,12.8,4.53,4156.74,0.6154
0.2676,26.92,2.18,5686.92,0.4798
0.6734,34.44,0.86,3822.26,0.5466
0.7742,12.7,4.06,5299.99,0.5667
0.0699,24.63,1.98,3752.91,0.3147
0.7937,10.94,3.69,5057.84,0.5345
0.23,21.96,1.49,4390.17,0.3488
0.0939,18.92,0.45,5472.28,0.2863
1.2341,34.16,5.46,4084.23,0.8944
1.2557,23.26,0.86,5098.0,0.6809
1.0528,15.49,5.44,4089.21,0.6781
0.403,8.42,5.38,5284.15,0.4632
0.136,9.54,4.37,5684.2,0.3699
0.8927,11.76,3.63,3817.0,0.5202
0.5778,12.53,3.18,5666.49,0.4875
0.1674,30.52,4.76,4983.94,0.5456
0.6488,21.84,1.59,3817.78,0.4574
0.0544,20.7,2.57,4568.85,0.3304
1.183,8.44,3.41,3902.15,0.5764
0.3438,30.8,2.26,5250.87,0.522
0.8647,26.68,2.35,5397.17,0.6561
0.4121,7.03,1.82,3764.49,0.2638
0.6809,26.24,3.1,4765.35,0.5978
0.7153,21.31,4.68,5536.56,0.6544
0.2485,7.45,1.11,5840.41,0.2743
1.2608,18.75,5.14,4783.79,0.7869
1.0099,19.54,3.79,5875.7,0.7111
1.222,9.97,4.53,4839.22,0.6798
1.1643,33.37,3.06,4485.48,0.795
0.7813,30.5,4.29,5620.51,0.7426
1.1992,25.07,0.09,4732.46,0.6364
0.1242,18.87,4.5,4679.76,0.4108
0.2628,17.35,0.22,4725.78,0.2866
0.0683,24.53,4.89,5616.96,0.4938
0.4297,21.36,5.46,5579.85,0.597
0.5114,6.87,1.62,4508.8,0.3155
0.36,20.38,1.16,4333.25,0.361
1.0791,29.19,4.21,4729.82,0.7845
0.4702,18.78,1.39,4931.93,0.4135
0.3724,6.56,4.76,4095.84,0.3677
0.7101,28.59,0.57,5484.89,0.5637
0.1918,11.04,0.69,4716.21,0.2274
1.0448,12.76,5.39,4335.11,0.6603
0.1062,9.94,3.71,3767.05,0.2635
1.2831,14.91,4.66,4097.11,0.7159
1.0062,27.7,1.78,5873.2,0.7067
0.2663,20.58,3.72,4262.75,0.4241
0.0171,11.15,3.27,3922.15,0.2366
1.0619,31.33,3.32,4651.68,0.7621
0.9218,31.39,3.75,4267.72,0.7198
0.9504,31.12,3.16,3587.9,0.6776
1.0049,12.16,2.36,4307.86,0.5316
0.1055,18.54,1.52,4860.27,0.3011
0.4724,34.55,4.23,4879.28,0.6505
0.1595,28.16,1.24,4391.4,0.3712
1.1234,5.82,3.81,4618.26,0.5788
0.8141,6.96,1.28,5913.79,0.4532
0.4369,18.92,3.44,4443.37,0.4594
0.092,32.28,4.11,4145.57,0.4803
0.4112,21.16,1.2,4108.67,0.3759
0.4295,19.93,0.33,4644.41,0.3608
0.9512,8.16,0.72,5398.8,0.4648
0.8324,24.7,3.33,4014.97,0.6095
1.1545,29.66,4.67,5273.24,0.8502
0.6192,16.41,0.25,3552.87,0.3424
0.1643,28.27,4.04,4547.33,0.4817
0.9301,33.93,1.88,5439.66,0.723
0.9914,11.11,2.63,4346.83,0.5298
0.734,20.7,5.11,4909.34,0.6455
1.0045,13.61,1.83,4012.45,0.5128
0.647,28.79,2.56,5354.99,0.6131
0.6843,22.33,0.08,3630.7,0.4101
0.5615,24.04,0.45,5631.36,0.4804
0.0428,28.94,1.42,3995.49,0.3327
0.1492,16.88,0.15,5686.0,0.2835
0.0505,32.45,3.47,4381.32,0.4551
0.831,20.99,2.35,5306.71,0.5933
0.4155,9.74,3.01,4298.06,0.3527
0.6661,25.88,0.96,5764.78,0.5523
1.1808,28.8,1.63,3816.59,0.6821
0.3316,14.5,3.65,3946.3,0.3769
0.5394,30.72,5.31,4732.58,0.6717
0.9847,32.18,0.28,3704.85,0.5972
0.3051,13.31,4.9,3989.95,0.4057
0.1093,34.51,3.17,5859.42,0.5391
0.3838,9.22,3.1,5941.22,0.4075
0.218,11.06,2.75,4440.65,0.2995
1.2093,10.53,0.38,5808.22,0.5685
1.0525,31.82,0.49,4862.06,0.6689
0.8271,24.63,3.31,4174.36,0.6129
1.1342,9.56,1.88,5256.0,0.5695
1.0467,18.21,5.04,5147.25,0.7273
0.2507,23.46,2.24,5972.81,0.4586
1.1614,7.5,0.79,4162.62,0.4769
0.7058,31.47,3.93,5180.15,0.697
1.0516,29.11,1.61,3630.06,0.6368
1.166,20.16,2.89,3784.12,0.648
0.4202,34.01,3.84,3509.8,0.5608
0.152,17.53,4.95,5998.65,0.477
0.304,34.52,4.36,5505.68,0.6282
0.561,25.04,3.72,5466.81,0.6012
1.0652,24.04,3.74,4774.32,0.7208
1.1203,9.98,5.2,4250.17,0.6493
0.019,31.46,1.63,3878.16,0.3499
0.6689,17.82,0.01,4211.69,0.3874
0.5485,9.87,1.5,4439.93,0.3455
0.2965,5.38,1.2,5390.78,0.2566
0.1646,21.79,3.64,4849.15,0.4237
0.4455,20.82,3.49,3693.71,0.4502
1.2264,26.58,3.26,3545.07,0.7255
0.4269,31.71,0.09,3755.83,0.4167
0.6792,7.38,4.01,4526.25,0.4591
0.9169,26.94,1.78,5832.98,0.6711
0.4791,10.62,3.66,5093.51,0.4353
1.2636,30.75,3.06,5504.56,0.8438
1.2516,29.57,1.89,4665.94,0.7539
0.3348,21.22,0.74,4404.17,0.348
0.6515,26.31,0.52,3771.0,0.4557
0.3981,14.43,4.57,5689.83,0.5
0.3774,19.14,5.05,5457.9,0.5421
0.0576,29.65,3.57,3920.3,0.4185
0.7963,18.78,0.57,4780.65,0.4779
0.6585,15.73,2.21,4718.44,0.4665
0.0764,19.83,4.01,5062.73,0.4018
0.3695,29.85,4.29,5865.47,0.6202
1.1817,15.06,0.65,4949.43,0.5743
0.319,10.21,0.0,4850.54,0.2397
0.1969,26.36,3.92,3625.81,0.4341
0.6414,29.78,1.96,3657.27,0.5302
1.2815,8.02,1.4,3968.37,0.5327
0.3223,12.2,0.07,3581.18,0.2095
0.8771,9.26,2.97,5358.38,0.5316
0.9925,15.44,4.68,5308.33,0.6802
0.3166,18.51,5.27,3840.14,0.4613
0.9494,27.46,3.11,5590.2,0.7242
0.4844,24.53,2.83,3886.97,0.4777
0.8257,23.63,0.47,4252.94,0.5038
0.8273,15.57,3.02,4122.44,0.5227
0.7011,30.24,2.09,4430.77,0.5882
0.1265,19.14,3.34,4136.66,0.3499
1.0875,34.37,2.14,4722.38,0.7559
0.4238,24.02,1.32,4518.52,0.425
0.2506,8.79,0.52,5966.42,0.27
0.0626,25.29,1.73,3639.82,0.3045
0.7723,14.75,0.53,3855.45,0.3976
0.8841,25.59,0.97,3632.06,0.5319
0.0314,7.09,5.43,5064.6,0.3305
0.6706,10.25,2.44,3636.27,0.3884
0.3022,30.67,2.93,5591.1,0.5461
0.8423,11.82,4.8,4779.85,0.5862
0.2349,30.11,5.48,4817.52,0.5823
0.9013,13.38,3.2,4903.99,0.5645
0.5089,24.29,4.47,3927.03,0.5444
1.2184,25.82,1.8,3994.23,0.6814
0.1874,20.38,1.68,4297.04,0.3253
0.45,14.16,2.21,4983.74,0.3995
0.1564,11.38,3.7,4025.29,0.3012
1.2029,6.0,3.75,3790.83,0.5695
1.1418,14.12,1.73,5925.29,0.6323
0.3427,24.59,0.73,3554.95,0.345
0.8614,33.15,3.48,5506.74,0.756
1.0642,31.14,0.71,5470.09,0.699
0.7262,27.98,3.18,4243.04,0.6086
0.6932,28.65,3.81,3839.07,0.611
0.322,24.95,3.85,3864.07,0.4675
0.1301,12.81,4.14,5243.58,0.3701
1.1674,32.22,4.8,5107.02,0.8742
1.1715,25.12,2.75,5456.86,0.7541
0.8267,21.81,4.02,5843.7,0.6812
0.4473,8.33,3.41,5229.82,0.4022
0.4605,18.41,1.03,3889.63,0.3525
0.9465,18.81,0.14,4108.61,0.4819
1.1673,30.94,1.56,5605.48,0.7653
1.1543,21.4,2.44,4023.27,0.6483
1.016,16.41,3.39,3681.31,0.5838
0.8382,34.3,4.67,5258.2,0.7921
0.1185,8.32,1.08,4506.32,0.1873
0.2185,17.68,0.69,5800.1,0.3359
1.1691,6.26,5.3,5125.64,0.6711
0.7923,27.2,0.59,3726.05,0.5074
0.0219,32.54,2.63,5869.64,0.4761
0.1409,13.4,3.22,4146.39,0.3012
0.8659,30.75,2.98,4343.03,0.6721
0.0165,13.77,0.47,4505.65,0.1804
0.2174,32.32,0.31,3628.06,0.3603
0.7179,27.62,0.58,4741.29,0.5284
0.9025,29.15,3.22,3808.3,0.657
0.851,5.54,2.99,4502.43,0.4582
0.2993,33.88,1.29,4376.77,0.4645
0.9287,26.8,3.51,5432.1,0.7204
0.3161,14.14,4.51,5507.93,0.4628
0.4298,29.88,0.23,3883.53,0.4121
0.973,13.45,2.74,4416.38,0.551
0.848,31.18,3.79,4433.38,0.7033
1.1055,8.38,1.39,3878.53,0.4777
0.8583,26.11,1.69,5496.13,0.6292
0.7431,21.22,3.38,5268.07,0.6042
0.1308,7.9,4.94,3975.95,0.3066
0.4844,12.26,4.45,4416.8,0.4526
0.3521,5.37,3.21,3764.51,0.2817
0.3247,19.06,4.02,5070.52,0.4723
1.2652,14.04,2.01,3803.43,0.5949
0.5171,22.95,3.53,5964.84,0.5828
1.1607,13.92,2.56,5451.71,0.6476
0.8242,14.0,1.04,4475.6,0.4504
1.0353,27.3,3.86,4946.41,0.7508
0.6584,6.44,3.06,5778.35,0.4602
0.7542,32.09,1.97,4885.25,0.6342
0.6453,30.57,5.01,3936.25,0.6602
0.2619,25.03,0.12,4446.76,0.3374
0.942,22.8,1.74,5607.86,0.6329
0.3722,31.77,0.31,5110.53,0.4625
0.0414,10.56,4.22,5126.81,0.3218
0.8427,7.37,3.86,5667.05,0.5495
0.2385,12.19,1.82,5734.93,0.3334
1.2232,28.84,3.72,5799.48,0.8508
1.2406,6.04,2.18,3737.12,0.5223
1.1902,22.48,4.16,4860.32,0.7646
0.4875,34.86,2.5,5351.27,0.6138
0.0299,30.67,2.27,5392.32,0.4303
1.2075,20.64,5.14,5016.79,0.796
0.5624,6.91,1.38,3916.97,0.2991
1.257,29.94,0.66,5493.55,0.7471
1.2531,22.97,3.21,5300.28,0.7712
1.1104,8.45,5.33,3715.34,0.6165
0.3898,7.82,2.08,4659.52,0.309
0.5068,32.29,0.34,3934.94,0.4625
1.108,25.08,1.87,4343.69,0.6576
0.4188,29.88,2.78,3545.2,0.4879
0.2286,31.37,0.89,4500.82,0.4116
0.7283,22.15,3.62,4874.69,0.6006
1.2176,20.52,5.49,5048.96,0.8121
0.9079,17.91,2.48,5158.73,0.5894
0.7454,14.51,1.95,5590.73,0.5083
0.1354,18.04,2.2,4038.66,0.2978
0.8034,28.22,0.63,3801.2,0.524
1.2872,23.06,4.86,5628.84,0.8556
0.1907,31.78,2.28,3891.53,0.4296
0.6786,18.3,2.13,5936.9,0.5406
1.1418,23.21,3.63,5606.35,0.7665
0.9656,23.94,2.43,4752.19,0.6408
0.9092,22.75,3.57,5953.55,0.7027
0.9162,26.08,0.34,3743.44,0.5276
0.4737,12.12,4.48,4257.66,0.4429
0.3887,20.37,5.17,5095.56,0.546
1.0541,8.13,3.57,4375.02,0.5588
1.055,16.54,5.25,5820.93,0.7501
1.1285,19.63,0.83,3664.07,0.5522
1.1881,24.57,2.63,4873.53,0.7267
0.6696,33.52,3.31,4977.17,0.6728
0.657,23.02,3.2,5131.82,0.5811
1.0398,27.31,2.21,4139.17,0.66
0.8485,20.19,1.86,4411.42,0.5382
0.9155,24.02,0.7,5609.2,0.5974
1.0366,7.13,2.15,3987.36,0.4777
1.1581,12.63,0.89,5567.17,0.5796
0.446,15.86,4.04,4906.64,0.4763
0.4945,19.17,1.15,5405.47,0.4345
0.1312,6.37,0.32,5284.02,0.178
0.756,9.2,3.04,4018.78,0.4428
0.0564,13.3,3.27,4922.03,0.3071
0.6106,34.15,4.8,5669.31,0.7419
0.71,14.94,3.17,4580.29,0.505
0.3796,19.46,1.9,5916.48,0.4494
0.7722,10.88,4.42,4630.54,0.5368
0.0493,23.32,2.97,3856.96,0.3373
0.0582,13.42,0.44,4473.59,0.1879
1.0712,11.21,3.11,5879.26,0.6339
0.4746,20.5,4.99,4299.3,0.5352
0.1739,5.17,2.18,5670.25,0.2639
0.6837,5.23,1.63,5703.13,0.4026
1.0033,11.57,0.79,4375.47,0.4716
0.2884,6.1,0.83,3708.14,0.1795
0.8135,8.24,2.38,5311.39,0.4799
0.1201,15.17,3.28,4278.78,0.3174
0.0767,29.08,0.44,5457.31,0.3671
0.6954,22.16,5.17,4606.64,0.6362
0.7074,20.38,4.15,4713.17,0.5918
0.8323,13.8,3.23,5444.77,0.5696
0.9467,32.95,4.56,4455.91,0.7778
1.2688,16.91,0.44,4607.82,0.5957
0.676,7.61,2.62,4440.48,0.4061
0.4266,23.51,3.47,4418.35,0.4957
1.0358,8.42,4.56,4814.87,0.6093
0.3594,15.36,4.31,5522.0,0.4798
0.5763,20.22,1.52,4404.42,0.4421
0.1112,31.23,5.17,4810.64,0.5423
0.0427,19.81,0.68,5176.82,0.2747
1.2518,26.07,4.81,4173.6,0.8105
1.0884,34.78,5.34,4193.81,0.8549
0.9078,8.94,0.97,5833.53,0.4846
0.5375,13.24,3.97,5308.84,0.4956
0.2335,16.84,0.22,4942.97,0.2819
0.2118,17.65,2.23,5119.3,0.3623
0.3328,17.33,2.84,3573.25,0.3571
0.7185,32.23,3.19,5045.26,0.6751
0.9318,26.42,5.15,4773.77,0.7514
0.8617,23.24,3.7,4864.37,0.6535
0.3711,14.28,2.65,4398.56,0.3689
1.2418,29.71,4.45,3703.68,0.8067
0.9619,33.65,5.23,3983.35,0.7939
0.7251,29.64,0.12,5876.86,0.5766
0.7991,5.05,5.4,4521.75,0.5264
0.5513,24.09,0.47,4666.71,0.4399
0.3296,6.53,4.48,3631.77,0.3256
0.4692,12.73,1.54,3593.92,0.3132
0.9876,6.79,0.73,5292.95,0.4603
0.0286,23.11,2.42,4845.24,0.3487
0.1597,25.6,3.54,4771.76,0.4482
0.0693,8.43,2.1,4107.81,0.1943
0.0625,16.52,0.3,5361.88,0.2462
1.1135,18.69,3.3,3920.59,0.6396
0.9177,16.07,4.96,3974.84,0.6195
0.6217,8.63,2.11,4651.78,0.3881
0.1362,17.57,1.19,4215.7,0.2644
0.6442,27.54,2.43,4118.66,0.5474
0.6208,7.13,0.27,5113.09,0.3265
0.2334,7.41,4.51,5127.43,0.3644
0.5697,15.64,4.54,5561.29,0.5569
0.5241,33.25,3.23,4544.27,0.6055
0.8044,25.06,1.94,3682.71,0.5402
0.8293,25.36,4.4,4184.17,0.6599
0.0684,15.86,3.05,5950.01,0.3659
0.4933,22.81,4.54,4990.65,0.572
0.8174,5.3,3.47,5274.34,0.4941
0.659,24.08,4.31,3518.39,0.5666
1.1149,32.4,3.29,4795.51,0.7922
0.8597,23.38,2.28,3593.82,0.5516
0.2202,31.21,5.27,4923.08,0.5838
0.101,26.72,2.98,5801.93,0.4605
0.8387,8.62,3.33,5921.05,0.5499
0.0442,32.07,1.21,4851.38,0.3865
0.7657,6.99,3.44,4645.51,0.4664
1.2229,21.02,3.14,5862.54,0.7651
0.7524,9.26,1.02,5184.02,0.4153
0.5107,5.35,0.33,3662.25,0.2215
0.8398,17.66,3.32,4664.31,0.5771
0.6011,13.85,4.2,4100.61,0.4804
0.7138,19.58,2.88,4674.51,0.5392
1.2245,22.32,1.25,4638.66,0.6591
0.5081,6.31,3.67,4955.36,0.4021
1.2499,8.69,0.44,4391.93,0.5107
1.1779,21.76,2.43,3910.68,0.6537
0.2626,15.3,0.9,4759.3,0.295
0.0995,26.88,1.01,5575.51,0.3808
0.14,24.57,1.11,5160.03,0.3604
0.0335,30.37,2.13,4345.92,0.3819
0.1318,25.77,0.28,5838.81,0.3652
0.8911,17.9,2.19,5780.52,0.5985
0.1018,25.19,2.81,4023.37,0.3704
0.4215,13.26,2.66,3598.54,0.344
1.0999,14.19,2.11,5353.27,0.6109
0.04,28.67,4.62,5569.03,0.5088
1.0607,18.39,0.8,5919.66,0.6099
0.3736,28.95,2.78,5724.59,0.5532
0.1624,29.67,0.34,5001.34,0.3767
0.9088,30.73,0.39,4825.13,0.6102
0.8213,32.5,3.16,3569.6,0.649
1.1419,17.93,3.11,4116.64,0.6428
0.9582,14.57,4.83,4649.04,0.6413
1.0465,22.47,3.07,5071.26,0.6891
0.3738,16.14,5.28,4893.13,0.5011
0.2389,23.03,0.27,5356.59,0.355
0.9783,26.17,0.54,4199.42,0.5729
1.0508,25.65,0.24,4912.38,0.6084
1.2878,16.24,1.02,3720.36,0.5814
0.5423,10.01,2.98,4534.16,0.4024
0.4899,17.92,3.55,5375.4,0.5084
1.0116,9.28,0.25,5233.5,0.4692
0.4496,31.7,5.2,5976.61,0.6982
1.2107,15.38,4.63,4194.73,0.7005
1.1174,9.63,1.63,4745.47,0.5354
0.5634,5.76,0.42,4323.83,0.271
0.9786,24.37,0.93,4601.51,0.5879
0.9834,24.11,0.7,5642.38,0.6204
0.143,15.22,0.68,5210.52,0.2676
1.1743,7.15,2.85,5706.1,0.6145
0.6618,17.29,1.35,4008.78,0.4213
1.0761,14.34,1.97,5683.4,0.613
0.4229,25.31,5.44,3649.41,0.5509
1.1652,23.17,3.76,5721.5,0.7827
0.5121,15.94,5.22,4322.68,0.5169
0.024,11.54,0.78,4286.47,0.1661
1.1779,34.64,2.1,4780.22,0.7869
0.1278,18.62,3.05,5851.73,0.4039
0.4219,25.65,0.42,3619.45,0.3697
1.2356,9.22,0.02,4380.58,0.4952
1.2363,19.57,3.69,5641.43,0.768
0.7497,5.83,3.53,4490.14,0.4486
0.8251,20.16,2.26,3997.89,0.5288
0.5885,33.92,2.69,4561.99,0.6121
0.3882,16.53,2.28,4463.88,0.3826
0.434,6.17,0.13,5788.54,0.2827
0.8775,5.93,1.84,5404.84,0.4639
0.9806,16.64,0.97,4762.79,0.5301
1.0311,9.8,0.54,5970.93,0.5197
1.0286,5.7,5.26,4663.19,0.6031
0.1277,27.69,3.3,3645.59,0.4025
0.6478,18.76,4.01,4155.69,0.5322
0.0843,13.68,1.73,4590.18,0.2497
0.7189,32.0,2.16,3892.26,0.5897
0.5796,8.48,1.3,5868.91,0.3931
1.1551,33.68,0.53,5417.12,0.7401
0.4627,14.42,0.98,4170.72,0.3284
0.161,31.65,4.39,4977.01,0.5395
0.1945,23.09,3.73,5303.62,0.4655
0.9923,29.8,3.01,5853.2,0.7643
0.8075,34.52,2.61,5704.09,0.7274
0.1404,13.65,5.07,4787.98,0.3961
0.1185,33.83,0.4,5436.63,0.4184
0.9143,16.68,1.54,4905.36,0.5365
0.1039,16.57,1.92,4881.76,0.2991
1.0702,15.21,4.3,3786.85,0.6275
0.9211,21.24,5.46,3815.34,0.6766
0.1149,9.62,1.32,4823.83,0.2188
0.1194,21.61,4.81,4172.15,0.4238
1.2828,21.25,4.57,3552.59,0.7451
0.4928,27.86,1.24,5307.1,0.5078
0.4881,30.01,2.2,3581.22,0.4907
1.0585,18.21,2.25,4988.19,0.6231
1.232,14.07,5.38,4847.98,0.7492
1.2819,12.78,0.99,5922.04,0.6369
0.9819,10.84,4.4,4710.53,0.6035
0.4954,6.73,1.84,3659.0,0.2834
0.1177,15.27,4.02,4879.22,0.3685
1.0125,13.11,2.31,5602.74,0.592
0.7303,33.99,3.18,5992.12,0.7314
0.5572,21.73,4.58,4575.86,0.5673
1.1792,15.42,4.42,4300.75,0.6878
0.1534,22.41,4.77,5766.63,0.5034
0.6455,9.18,0.33,3978.11,0.3084
0.0246,18.32,3.81,5038.57,0.3647
0.6146,23.79,0.77,4514.29,0.4616
0.0826,19.67,2.29,3602.71,0.2814
0.1633,17.05,3.02,4368.22,0.3409
0.1616,34.82,2.22,4163.07,0.4554
0.8475,31.41,2.86,5215.23,0.7026
0.9724,23.7,5.48,5871.98,0.7965
0.7625,22.08,0.74,4170.12,0.4776
1.2512,23.62,3.72,5528.66,0.8039
0.4936,11.04,2.18,3638.4,0.3313
0.3786,16.85,0.73,4845.3,0.3413
1.1305,6.18,0.87,3676.38,0.4395
0.2984,19.27,5.22,5835.08,0.5402
1.2526,21.29,4.84,5415.88,0.8205
0.0257,11.83,4.99,5144.87,0.3566
1.2611,33.92,5.45,5559.74,0.9593
0.0657,32.28,1.15,5118.8,0.4035
1.1596,26.66,1.95,5922.36,0.7531
0.6907,21.0,3.68,5284.89,0.5977
1.2909,31.1,2.66,5811.65,0.853
0.1052,8.92,2.3,4792.83,0.2442
0.7245,28.72,1.97,3792.66,0.5524
1.2604,8.74,3.27,4820.44,0.6345
0.6848,28.83,3.17,3817.18,0.5858
0.8219,13.27,0.89,4981.23,0.4582
0.9075,31.31,2.59,4706.23,0.69
0.5964,33.32,3.04,5056.44,0.6419
0.8195,9.46,3.14,3525.12,0.4484
0.7638,18.88,1.16,3987.1,0.4585
1.1725,34.43,4.08,4728.33,0.8534
0.0686,19.5,0.14,5876.26,0.2884
0.3724,30.91,1.95,4459.02,0.4888
1.236,22.66,4.29,4560.93,0.773
1.1584,16.26,3.1,5286.74,0.68
0.5978,13.57,1.44,5009.48,0.413
0.81,11.1,3.82,4247.32,0.5132
0.3678,27.85,3.12,4527.04,0.5064
0.2527,16.6,4.38,4044.25,0.4011
0.6082,20.34,4.04,5915.05,0.605
0.4658,19.77,3.36,3826.59,0.448
0.7629,22.32,2.68,4429.59,0.5607
0.1103,30.97,0.73,3564.6,0.3285
1.267,34.42,1.44,4054.45,0.7594
1.2822,17.23,2.31,5451.18,0.7043
0.9106,29.83,3.3,4002.94,0.676
0.7016,27.94,2.83,3700.16,0.5663
0.4093,22.21,1.59,4686.13,0.4216
1.0598,33.68,0.04,3524.92,0.6172
0.8933,11.01,2.73,3711.92,0.477
0.2198,8.28,1.57,5519.06,0.2765
1.1851,30.62,4.04,5428.68,0.8512
1.0711,18.17,0.13,5787.85,0.5816
1.2352,30.41,3.22,5636.29,0.8433
0.9462,31.79,5.18,5207.94,0.8203
0.8013,6.87,0.96,3630.83,0.3456
0.5495,31.5,2.59,5457.12,0.6115
1.2132,18.45,0.5,5613.78,0.6342
1.1272,20.31,3.44,5497.71,0.7259
0.0683,23.8,3.03,4771.2,0.386
0.044,32.79,2.24,4082.25,0.3993
0.4956,5.57,2.87,5613.32,0.3891
1.0556,19.31,4.93,5317.91,0.7423
1.2836,25.63,1.08,5951.9,0.752
0.204,26.68,0.12,3889.23,0.3114
0.7764,25.78,4.74,4064.16,0.6548
0.5013,9.03,3.17,4029.5,0.3681
1.2612,13.98,4.9,5481.35,0.7653
1.0963,15.76,3.28,3967.27,0.6104
1.0914,29.13,4.46,3666.65,0.7543
0.6146,13.36,2.36,5996.4,0.4893
0.5451,11.32,4.12,3562.04,0.4171
0.3627,33.72,5.02,5588.11,0.6667
0.0827,5.27,3.15,4413.42,0.2217
1.1255,34.93,0.99,5604.04,0.7659
1.0586,25.3,1.48,4886.55,0.6519
1.2996,29.85,1.09,5754.08,0.7855
1.2957,13.84,1.36,5815.48,0.6594
0.7265,5.43,1.69,3522.75,0.3324
1.002,27.14,3.05,3688.53,0.6594
1.2287,30.02,3.23,4125.9,0.7779
1.106,27.21,2.35,5173.29,0.7259
0.3291,9.29,3.38,5720.68,0.3926
0.5912,27.6,0.45,4649.85,0.4808
0.1766,28.07,0.48,5017.43,0.3731
1.2407,24.76,0.95,3971.25,0.6474
0.792,27.98,2.85,5512.42,0.6677
0.3049,30.38,1.18,5918.32,0.4939
0.8765,23.41,1.56,4171.5,0.5539
0.8074,7.66,2.2,4737.06,0.4436
0.472,19.63,4.47,3715.29,0.4846
0.1565,7.33,0.08,4897.84,0.1698
0.8763,17.23,3.57,4756.96,0.5974
0.6812,17.21,3.68,3861.09,0.5054
1.0063,6.98,4.39,4605.17,0.5733
0.681,15.46,5.13,4335.26,0.562
1.1093,8.33,0.11,4804.58,0.4689
0.722,29.25,0.85,4964.14,0.5623
0.7336,33.43,4.87,3521.24,0.6902
1.1409,7.17,2.52,5402.51,0.5802
0.5305,33.65,3.11,5282.54,0.6361
0.1829,20.68,3.65,4415.72,0.4029
0.0471,13.99,3.73,3632.34,0.2753
0.9841,7.31,5.12,5387.33,0.6271
0.8102,20.02,5.48,5887.94,0.7157
0.9183,28.84,3.96,4100.38,0.6978
0.2847,26.21,1.58,4308.81,0.4021
0.1859,6.51,4.84,3959.53,0.3074
0.0288,7.19,0.27,4942.34,0.138
0.4623,17.09,1.27,3887.1,0.3504
0.771,13.86,4.94,4390.48,0.5713
0.516,11.97,1.41,5242.53,0.3823
0.5743,13.43,1.21,4900.29,0.3918
1.1764,29.1,0.76,4466.16,0.6777
0.4592,32.88,4.73,4550.62,0.6371
0.673,17.15,2.75,4905.28,0.5103
1.0209,32.18,3.71,3514.66,0.7254
0.5215,14.64,1.31,3696.27,0.3414
0.8125,19.29,4.17,5703.15,0.6551
1.1224,11.78,4.18,3694.7,0.6061
1.2349,24.21,1.72,5267.01,0.7207
0.1997,34.37,2.26,5800.1,0.5302
1.2053,23.1,1.15,4176.71,0.6377
0.6448,15.73,5.37,4426.23,0.5656
0.3431,24.43,3.55,4922.3,0.501
0.6023,8.69,5.14,5704.27,0.5349
1.2742,31.66,1.67,5854.76,0.8184
0.6455,20.09,4.3,5348.91,0.6011
0.4341,18.48,4.21,3716.55,0.4537
0.8271,22.58,3.8,5172.89,0.6531
0.3198,23.74,5.31,4525.76,0.536
0.1079,7.15,2.16,4676.75,0.2201
0.1763,25.48,0.72,3622.87,0.3037
0.1752,12.26,3.69,3977.66,0.3123
0.206,26.42,4.01,5476.28,0.5147
0.1891,29.68,3.16,4634.9,0.4729
0.8367,29.12,1.14,4254.16,0.5787
0.2446,21.58,2.77,4460.05,0.3994
0.4559,20.61,1.72,5636.0,0.4649
1.1669,9.29,2.35,5372.5,0.599
0.6214,28.26,3.55,4180.79,0.5898
0.8711,13.14,4.1,3793.75,0.5415
0.2323,19.9,1.28,4130.0,0.3138
0.2581,13.53,2.23,5801.89,0.3686
0.0627,9.01,1.48,4953.97,0.2085
0.2279,23.89,1.09,4833.7,0.3679
0.3694,6.63,4.31,4990.98,0.3869
0.2383,27.46,5.0,4415.07,0.5271
0.1244,14.53,2.04,5517.77,0.3177
0.1656,5.0,4.13,4808.22,0.2963
0.6044,20.33,4.93,3791.87,0.5512
0.2762,6.41,4.65,3822.66,0.3219
0.4799,13.29,1.01,4842.15,0.352
0.6594,26.21,5.26,5841.43,0.7125
0.9006,6.88,2.07,4270.88,0.4422
0.0607,30.18,1.87,5673.85,0.4323
1.0412,5.11,0.34,5410.24,0.4529
0.82,12.4,2.67,4119.53,0.4805
0.1155,27.23,0.6,3590.85,0.2944
1.1369,14.49,1.37,3754.62,0.534
1.1979,8.06,1.74,5321.23,0.5738
0.0888,15.81,4.45,3999.17,0.3446
0.3672,13.11,4.82,4428.18,0.4378
1.05,30.28,1.66,4754.25,0.6932
0.9753,14.4,4.72,5313.67,0.6677
0.248,28.67,4.71,3783.08,0.5046
0.2801,31.76,4.21,4515.92,0.5521
0.4879,18.01,0.81,4712.68,0.3825
0.635,32.3,3.8,4852.07,0.6645
0.8075,16.32,5.2,5545.9,0.6593
0.4859,33.92,3.75,3929.2,0.5938
0.6067,7.68,1.82,5519.58,0.3995
0.9742,25.61,2.75,5232.2,0.6886
0.0573,19.81,3.55,4889.68,0.3721
0.3356,16.63,2.81,5248.82,0.4179
0.9302,23.98,0.66,4530.04,0.557
1.1648,26.12,1.72,3845.99,0.6587
0.6701,5.13,4.41,5164.41,0.4771
0.6964,10.01,4.74,4811.68,0.5249
0.1483,26.39,0.76,5098.44,0.3634
0.5872,24.99,5.24,4345.0,0.6192
0.6971,33.98,1.81,5767.17,0.6623
0.3228,27.83,3.64,4968.42,0.529
0.3573,33.52,4.14,3713.51,0.5563
0.4967,26.08,4.47,4624.51,0.5839
0.0359,13.94,5.2,5390.89,0.3953
0.4255,8.16,1.72,5485.34,0.3428
0.2828,28.45,4.72,4736.49,0.552
0.4325,24.32,0.72,5736.87,0.4572
0.1645,6.45,3.88,4169.17,0.2738
1.1588,15.8,4.08,4526.5,0.6814
0.7757,33.7,3.73,5746.49,0.753
0.886,20.01,1.39,5740.64,0.5843
1.028,17.98,4.8,5214.28,0.7135
0.653,18.73,0.93,5647.45,0.4812
0.1221,11.27,0.29,3721.93,0.1536
0.7029,16.06,3.95,5662.49,0.5841
0.767,16.09,2.62,4301.55,0.5012
0.9716,6.57,4.67,3945.83,0.5429
0.5668,28.03,2.11,4098.42,0.5153
0.1746,17.5,0.93,4544.92,0.2793
0.3761,29.67,4.6,4127.98,0.5624
0.4784,30.51,3.02,4301.42,0.5506
0.8432,11.36,1.04,3837.45,0.4081
0.7463,24.72,3.96,4240.44,0.6151
0.4694,19.17,2.81,4930.71,0.4682
1.2826,31.4,3.32,4604.63,0.8287
0.7914,11.47,2.53,4366.8,0.4685
0.316,25.33,4.56,5366.13,0.5548
0.1413,23.23,4.56,5733.77,0.4978
0.2072,13.86,3.9,5391.97,0.4001
0.3273,9.1,0.58,4330.0,0.233
0.2173,24.55,4.61,5361.11,0.5194
0.2507,27.16,3.69,3879.95,0.4593
0.3778,14.47,3.83,3825.79,0.3926
0.2337,24.34,2.0,4364.07,0.3878
1.1668,16.85,4.84,5519.26,0.7602
0.1135,26.4,3.99,4115.87,0.4309
0.6866,10.98,0.62,3658.13,0.3342
0.5394,31.71,2.24,3829.27,0.5324
1.2773,13.62,4.88,5646.86,0.7731
0.1545,16.03,0.26,5084.46,0.2578
0.5232,6.74,5.29,4133.0,0.4364
1.2606,8.35,3.74,4888.24,0.651
1.1265,20.48,3.47,4818.95,0.7011
1.064,13.03,1.49,5138.59,0.5588
0.3427,30.06,1.37,4082.97,0.4362
0.2304,5.44,5.18,5661.01,0.3923
0.8725,16.37,1.64,4273.42,0.4993
1.2089,15.12,4.27,5235.33,0.7263
0.7282,5.58,2.16,3540.31,0.352
0.7474,8.73,0.77,4431.64,0.3701
0.3712,17.41,0.06,4379.27,0.3008
1.0026,19.79,2.99,4858.71,0.6412
0.2513,17.13,5.37,3681.84,0.4267
0.4275,20.93,2.03,5475.33,0.4638
0.5588,22.85,1.96,4044.45,0.4608
0.6648,5.3,1.89,5192.59,0.3864
0.3227,18.92,2.86,5508.03,0.4458
0.1581,33.9,2.42,4904.69,0.4834
0.7977,20.57,4.84,5352.21,0.6718
0.3823,25.33,2.78,5154.65,0.502
0.7598,14.36,2.79,4388.82,0.4939
0.2091,28.22,0.76,5522.15,0.4147
0.6307,28.19,5.41,4236.75,0.6619
0.697,20.64,1.37,4928.03,0.4983
0.0769,34.28,0.4,5363.49,0.4066
0.4442,8.77,3.65,4447.39,0.3825
0.1834,5.51,3.27,4256.92,0.2528
0.0918,28.1,2.28,4648.37,0.3979
1.287,29.21,2.32,5544.91,0.8125
0.4258,8.61,4.32,5824.8,0.4549
1.0547,12.97,1.08,4862.71,0.5295
0.3385,5.53,4.51,5153.67,0.3817
0.8891,13.8,3.57,5758.18,0.612
0.9907,28.19,2.3,3746.37,0.64
0.7784,20.54,2.52,4080.2,0.5304
0.6183,15.44,1.41,5272.25,0.4448
0.5413,16.15,4.14,5559.36,0.5379
0.46,5.04,2.82,5642.57,0.373
1.2091,13.99,1.76,4537.77,0.5975
1.0815,24.39,3.28,3723.35,0.67
1.2549,34.23,5.48,4594.45,0.9226
0.1703,30.41,2.39,4076.84,0.423
0.9528,5.71,5.06,4227.99,0.5552
1.2205,31.96,1.9,5430.67,0.7958
0.2438,28.5,0.3,3688.82,0.3378
0.0958,28.41,1.12,5568.95,0.3965
0.966,18.74,2.3,4569.17,0.5843
0.7511,16.94,1.21,4990.16,0.4799
1.096,14.09,0.0,3724.13,0.467
0.1903,6.97,5.03,4343.4,0.3349
1.0359,11.85,4.64,3724.25,0.598
0.2701,12.4,4.08,5903.86,0.4339
0.2211,19.52,0.92,5518.15,0.3495
0.2219,27.42,0.66,4649.08,0.3733
1.0608,19.21,0.37,4059.01,0.5269
0.8681,6.74,3.98,5833.64,0.563
0.6848,33.73,5.11,4361.49,0.7201
0.4729,33.28,2.37,3902.46,0.533
1.1416,28.56,0.66,4907.91,0.6764
0.5163,34.74,2.82,5859.44,0.6536
1.0634,21.33,1.92,3509.58,0.5802
0.5765,33.88,2.06,4095.31,0.5665
0.4963,7.27,3.42,5846.12,0.4332
0.6069,15.97,3.95,3927.71,0.4844
0.3988,11.76,0.61,3783.11,0.257
0.9744,10.87,0.2,4925.47,0.4573
0.6585,9.22,5.47,5654.61,0.5667
0.3096,23.67,1.28,4692.77,0.3924
1.1705,28.44,0.3,5986.41,0.7143
0.5052,22.35,1.04,5197.93,0.4528
0.7112,9.41,0.21,3685.19,0.3145
1.1793,29.33,2.15,5982.08,0.7917
0.8153,24.08,4.41,4519.74,0.6584
0.1608,16.64,1.88,4218.51,0.2892
1.2224,25.22,2.44,4894.7,0.7368
0.8197,12.8,3.72,4260.77,0.5276
0.442,15.36,2.8,3716.14,0.3781
0.1897,32.52,4.74,3503.57,0.5096
1.0343,13.72,4.76,4623.96,0.6539
0.8099,19.1,0.05,5592.16,0.4984
0.6982,31.7,4.28,4930.79,0.6994
1.1631,26.23,2.53,5998.02,0.7746
1.0273,6.87,5.44,4217.12,0.6015
0.2057,9.42,2.66,4201.14,0.2688
0.4121,5.24,5.43,3899.37,0.3851
0.3306,23.93,4.15,3910.16,0.4742
0.9697,18.43,1.37,4212.97,0.5347
0.0533,9.03,2.96,5482.1,0.2807
0.7452,33.74,5.46,5764.39,0.8076
0.9936,20.89,4.72,5937.72,0.7539
1.141,12.26,0.54,4080.72,0.499
0.4513,20.02,3.89,5703.24,0.54
1.0694,25.39,1.9,4320.64,0.6486
0.1527,7.29,0.04,3782.1,0.1222
1.1019,13.24,2.22,5675.06,0.6203
0.1745,29.21,1.29,5090.26,0.4146
0.5225,18.79,4.5,3911.83,0.5019
1.0385,21.4,1.86,4574.58,0.6136
0.2034,17.98,4.55,4218.14,0.4109
0.3057,6.32,0.0,5341.99,0.2219
0.9417,9.97,1.69,4633.54,0.482
0.9388,18.37,1.33,5973.2,0.5936
0.8371,11.28,1.28,3636.86,0.4063
0.9052,6.5,0.38,4387.54,0.3836
0.7101,30.31,1.03,4704.75,0.5639
0.3348,34.44,3.06,4757.83,0.5598
0.4559,28.79,1.6,4289.84,0.4768
0.2443,30.61,2.3,5323.1,0.4941
1.1819,12.26,2.07,5686.87,0.6315
0.7626,33.82,4.82,5846.8,0.7937
0.5271,10.91,4.98,5512.73,0.5173
0.606,33.54,2.71,5626.45,0.6576
1.232,34.84,1.82,4876.36,0.7989
0.2078,26.35,0.59,5564.72,0.3938
0.7662,34.43,5.24,4258.76,0.7518
0.6626,22.09,0.33,4496.2,0.4451
0.7988,12.79,1.64,4292.28,0.4467
0.0334,18.11,1.64,4668.47,0.2719
1.135,22.81,1.76,4213.95,0.6373
1.2124,7.19,0.9,5904.03,0.5636
0.739,23.67,4.31,4282.11,0.6183
0.9087,34.44,0.67,3745.11,0.609
1.2,10.7,3.49,4817.04,0.6405
0.9223,28.78,0.68,3642.75,0.5609
0.2068,32.24,0.39,3776.36,0.3652
0.7534,33.31,5.0,4048.47,0.7211
0.7927,33.8,1.05,4660.88,0.6182
0.5571,20.64,4.52,4583.13,0.556
0.96,34.32,3.0,5499.23,0.7786
1.2153,27.72,0.43,5348.69,0.7011
1.204,9.85,5.25,4565.8,0.6884
0.5916,19.31,1.36,4334.26,0.4304
0.1561,26.55,4.73,4291.17,0.4792
1.2804,12.42,0.93,5434.99,0.6116
1.0922,24.22,4.7,3630.18,0.7198
0.1708,25.0,0.07,3532.05,0.2707
1.1979,9.88,2.81,5488.86,0.635
1.1322,21.95,4.23,4692.87,0.738
0.6793,28.15,5.14,3827.2,0.6503
0.7727,19.97,5.0,4088.91,0.6143
0.5247,5.36,4.51,5831.26,0.4646
0.0806,5.27,4.89,5648.76,0.3337
0.4424,15.71,1.1,5274.46,0.3818
1.0457,32.79,1.56,4705.56,0.7078
0.016,11.86,1.59,4800.81,0.2164
0.4402,24.03,2.07,5938.11,0.5142
0.5236,11.66,2.16,5914.43,0.4362
0.7032,14.65,3.0,4038.17,0.4726
1.1966,30.44,0.88,5527.76,0.7422
0.4568,26.87,3.8,3993.11,0.5288
0.4576,7.86,0.92,4033.84,0.263
0.9614,17.86,1.71,5190.23,0.5787
0.5934,5.88,2.77,4512.5,0.3742
0.2997,19.43,4.38,5828.86,0.5112
0.5936,24.87,4.07,3722.52,0.5527
0.1917,8.56,3.55,4778.81,0.3126
0.2375,13.67,0.86,5796.3,0.3134
0.6529,16.94,3.01,5760.28,0.546
0.5504,32.59,0.48,3891.32,0.4818
1.1902,34.8,2.08,4416.59,0.7768
0.4775,6.35,2.27,5047.8,0.3458
0.759,27.83,0.22,3898.49,0.496
0.8256,16.15,1.51,5920.06,0.5442
0.0269,16.77,5.26,5786.87,0.4348
0.866,27.63,5.24,3917.38,0.7105
0.2397,32.55,1.94,3802.89,0.4354
1.2498,33.53,0.24,3713.52,0.6892
0.2018,22.31,0.99,5773.61,0.3803
0.5449,15.71,2.16,3984.06,0.4002
0.1201,28.63,5.21,4540.71,0.5134
1.296,12.53,0.78,4622.13,0.5794
0.6578,21.92,4.2,4997.53,0.6029
0.778,15.76,0.6,3679.34,0.4035
0.0965,24.7,5.4,4066.9,0.4604
0.9774,12.21,2.1,5828.73,0.5749
0.2808,10.75,4.26,5771.03,0.4243
1.1685,32.55,1.88,5453.23,0.785
0.2746,8.05,3.45,3548.5,0.2809
0.256,20.18,1.06,4317.52,0.323
0.0571,11.63,0.8,5069.9,0.2091
0.619,6.17,5.16,4187.98,0.4585
0.7386,6.08,5.05,5773.97,0.554
0.0948,10.26,4.88,5084.72,0.358
1.0104,31.0,3.44,3679.77,0.7089
0.5947,13.47,4.45,5772.51,0.5512
0.6865,33.51,0.38,5894.42,0.6081
0.5786,22.45,1.84,3694.28,0.4451
0.527,18.1,1.73,4830.9,0.4334
0.7319,22.4,3.5,4258.41,0.5748
0.2103,20.5,1.96,4482.1,0.351
0.2447,27.76,0.82,3949.13,0.361
1.1217,13.47,3.28,4945.18,0.6377
1.2305,15.59,4.48,5894.95,0.771
0.4916,31.82,2.1,4757.68,0.5507
0.3593,33.39,0.73,3707.29,0.4316
0.8408,31.78,1.08,5050.0,0.6324
0.5373,17.58,1.31,4350.56,0.3977
0.0427,28.41,1.65,5639.81,0.4022
0.2114,19.29,3.54,4586.7,0.4026
0.9336,19.93,3.31,3982.1,0.5977
0.86,11.14,3.83,3977.76,0.5185
0.045,22.73,1.99,5421.91,0.3579
0.2963,10.58,4.53,4163.97,0.3731
0.3081,14.95,1.12,5418.08,0.3404
0.8767,30.65,2.58,4014.72,0.6469
0.0354,11.21,4.41,4304.22,0.2995
0.1443,7.13,0.99,4663.72,0.1881
1.0419,7.07,0.6,5857.99,0.4973
0.2403,33.22,4.86,5829.33,0.6286
0.852,20.21,1.89,4017.18,0.5248
0.3173,17.28,3.76,4395.55,0.4183
0.1383,29.33,0.14,3873.5,0.314
0.3237,30.07,3.8,4774.96,0.5465
0.9417,14.97,1.74,4651.46,0.5274
1.1138,25.81,0.31,5751.9,0.6653
1.081,28.13,3.35,5825.01,0.7885
0.5224,24.64,1.32,4458.92,0.4583
0.8718,9.55,2.13,4729.34,0.4767
0.2744,31.28,0.44,5740.59,0.4582
0.3882,21.17,0.81,5516.77,0.411
1.1663,13.47,1.64,3509.14,0.5343
0.0268,17.76,0.49,4300.15,0.2103
0.1203,6.13,5.01,4554.44,0.3139
0.2782,8.84,0.03,4074.29,0.1854
0.0442,27.97,2.66,3998.93,0.37
0.2441,5.0,0.68,3594.46,0.1465
0.7621,17.5,1.69,5108.42,0.5103
0.5536,20.68,5.09,4156.28,0.5589
1.1615,6.64,0.89,3630.87,0.4519
1.0645,34.19,5.31,4077.45,0.8368
0.4509,11.78,1.13,5504.78,0.361
0.3447,14.13,4.08,5628.72,0.4607
0.4998,14.12,3.01,4707.67,0.4326
0.7715,11.91,4.86,4540.18,0.5578
0.3558,5.04,3.05,5944.63,0.3614
0.8152,26.88,2.94,4001.41,0.6082
0.5381,34.01,1.08,4038.4,0.5179
0.7221,11.73,0.91,4229.67,0.385
0.5726,24.89,5.04,3931.89,0.5901
0.3899,27.26,1.8,4448.41,0.457
1.2335,30.45,2.05,5777.09,0.8062
0.9951,17.68,4.18,5038.37,0.6713
0.1907,14.09,1.86,4529.87,0.2883
1.1303,14.76,5.24,5836.03,0.7583
0.6388,26.38,4.06,3621.16,0.5752
1.164,29.5,3.29,4025.69,0.7517
1.0418,10.45,4.84,4914.72,0.6427
0.5585,16.13,0.27,5038.88,0.3815
0.039,32.06,1.41,3598.89,0.342
0.3566,29.2,2.56,4507.6,0.4934
0.7087,34.55,1.25,5122.88,0.6246
0.8272,27.63,4.09,5245.18,0.7099
0.3427,16.8,5.06,5095.35,0.4973
0.1898,22.72,2.33,4301.41,0.3699
1.0871,24.83,1.88,3733.8,0.625
1.2799,7.35,5.29,4567.78,0.6919
0.6881,21.33,2.45,3821.89,0.4965
0.2315,26.28,2.69,5869.06,0.4891
0.3613,10.02,1.93,4687.93,0.3148
0.0337,28.42,5.0,4293.15,0.4675
1.1894,22.51,3.13,5415.76,0.7494
0.1619,33.57,4.19,4744.87,0.5397
0.7537,6.27,4.46,4275.09,0.4788
0.3635,12.96,1.88,5529.92,0.3725
0.7249,23.05,2.39,5667.88,0.5942
0.8503,13.9,4.67,5182.52,0.6179
1.0804,26.43,2.0,3617.41,0.6364
0.2763,27.77,4.37,4915.81,0.5386
0.0242,8.08,5.18,5408.24,0.3414
0.1866,20.42,3.43,3841.26,0.3708
1.171,20.27,4.08,4071.68,0.7053
1.1373,16.08,4.43,5706.24,0.7371
0.7807,32.99,4.65,3550.3,0.6941
0.7847,29.83,2.17,5381.82,0.6513
0.8679,25.92,0.28,4684.43,0.5468
0.2362,26.43,2.21,4616.93,0.4243
1.1896,18.85,3.71,3517.74,0.6632
0.5502,32.63,2.48,5548.5,0.6211
0.5042,25.84,4.12,4399.56,0.5624
0.6794,26.87,1.96,4851.91,0.5647
0.0706,30.85,3.49,5193.25,0.4808
0.2245,13.22,1.03,5256.57,0.2901
0.9621,29.21,4.12,5889.95,0.7918
0.1168,10.86,3.0,4828.35,0.2912
0.7881,15.36,1.12,4499.3,0.4548
0.3265,15.07,1.61,5884.26,0.3835
0.5122,34.36,4.12,5105.28,0.6661
0.3824,30.7,2.65,4245.38,0.507
0.4688,26.04,1.19,3816.16,0.4234
0.9376,26.81,5.32,5606.39,0.796
0.3933,21.86,3.93,4405.45,0.4875
0.7407,33.41,5.26,5151.17,0.7716
0.6241,19.89,2.35,4677.04,0.4951
0.8661,16.42,2.61,3997.32,0.522
1.2185,9.89,4.94,5004.22,0.6995
0.955,28.59,2.89,3651.71,0.6501
0.2873,27.03,3.89,4533.36,0.5029
0.0502,16.53,1.39,4866.54,0.2623
0.3483,5.76,2.46,4590.12,0.2896
0.7777,30.17,0.68,5371.68,0.5975
0.0763,5.34,1.13,5569.81,0.1931
0.6503,26.11,0.01,5428.11,0.5014
0.7799,34.11,0.22,3597.03,0.5442
0.4412,18.13,5.38,3985.32,0.5062
1.0045,12.05,1.33,4841.52,0.5144
0.1475,26.15,3.65,5837.06,0.4957
0.1069,29.51,4.62,5587.39,0.5373
0.9494,21.39,3.03,5606.34,0.6699
0.6492,34.01,0.84,4258.02,0.5521
0.898,6.55,4.0,4573.62,0.5208
0.5709,20.14,3.3,4676.76,0.5154
0.3279,26.55,4.02,3893.43,0.4904
1.0666,30.88,4.23,3577.67,0.7498
1.0412,10.38,5.36,5867.26,0.6989
0.9062,29.0,3.15,4101.78,0.666
0.3611,21.58,1.88,4099.87,0.3884
0.7714,16.9,3.57,3708.45,0.5204
0.4757,8.95,0.38,5821.27,0.3298
0.1281,30.96,4.94,4949.34,0.5424
1.1933,9.72,0.66,5167.59,0.5412
0.1865,14.29,1.8,5778.94,0.3365
1.2358,13.7,4.49,4364.05,0.6955
0.5853,31.14,3.29,5053.77,0.6288
0.2488,25.18,2.16,3597.0,0.3748
0.7091,28.9,2.6,3966.93,0.5791
1.1361,12.51,4.7,5578.11,0.7108
0.9546,23.75,1.87,5416.92,0.642
1.0505,22.15,4.78,4376.61,0.722
0.8598,29.98,0.48,4442.03,0.5767
0.903,32.18,4.27,4833.89,0.7623
1.1055,5.36,4.66,3500.6,0.5556
0.3321,25.22,1.0,4103.11,0.3788
0.6414,6.56,2.37,4020.58,0.3606
0.2954,21.47,0.91,4126.21,0.3331
1.2841,13.63,3.89,5514.76,0.734
1.2278,14.2,2.94,4199.18,0.6344
0.0609,15.59,3.49,3978.8,0.2984
0.9202,23.64,1.08,4760.66,0.5755
1.2036,15.02,1.16,5664.11,0.6278
0.2429,26.98,0.23,4103.37,0.3385
0.7426,17.14,1.77,3696.34,0.4476
1.191,7.05,3.08,4391.01,0.5745
0.0538,28.51,4.72,5369.13,0.5073
0.9097,13.57,3.67,4876.73,0.5847
0.3936,17.98,2.39,5541.98,0.4438
1.2025,25.56,5.24,5898.98,0.8756
1.2627,14.97,3.96,5481.66,0.7401
1.2281,6.7,5.12,5009.51,0.6819
0.6217,16.22,2.9,4733.35,0.4851
1.122,33.33,1.42,3600.17,0.6866
1.0995,24.25,0.29,5960.8,0.6551
0.4216,25.14,3.99,4458.7,0.5286
1.0793,23.97,0.67,3880.57,0.5771
0.0577,10.97,1.67,5166.77,0.2392
0.7792,17.55,2.93,4210.72,0.5252
0.3067,27.53,3.1,4964.45,0.5016
0.1655,8.04,3.3,4966.92,0.2985
0.1093,13.34,0.91,4614.32,0.2256
0.9082,13.29,2.09,5590.3,0.553
0.4484,17.96,3.39,4162.42,0.4417
0.9449,34.41,5.33,4621.58,0.8244
0.0943,7.03,4.0,4844.23,0.2885
0.4167,20.56,5.07,5159.06,0.5552
0.7059,10.38,4.19,5459.93,0.5369
1.03,34.12,3.25,4487.02,0.767
0.4212,8.4,1.06,5115.12,0.3048
0.8174,17.11,3.67,3876.53,0.5467
1.1529,27.14,3.43,5831.62,0.8054
0.8045,26.14,3.31,4457.65,0.6303
0.3105,17.68,2.69,5323.8,0.4179
0.0415,15.4,2.91,3550.85,0.2526
1.1324,16.93,1.84,4012.97,0.581
0.0374,12.93,2.86,4717.71,0.275
1.1384,11.16,1.09,5695.63,0.5734
0.6923,19.49,4.43,4818.14,0.5939
1.2214,13.06,1.02,5824.68,0.6178
1.0404,13.62,0.47,4709.49,0.5023
1.2973,24.7,2.4,4726.12,0.7472
0.4624,34.06,3.62,3799.37,0.5778
0.9997,23.11,2.41,5506.64,0.6736
0.5285,7.31,1.52,4117.41,0.3052
0.629,7.27,3.07,5749.03,0.4575
0.8195,33.54,1.91,5777.06,0.7002
1.137,13.92,5.13,5858.28,0.75
1.2795,7.76,5.07,4800.58,0.6966
1.0011,22.97,2.76,5192.73,0.673
0.5489,23.71,1.8,5446.29,0.5154
0.5536,24.46,4.05,3827.54,0.5404
0.9615,13.02,0.2,5002.39,0.4748
0.318,5.45,2.61,3585.74,0.2429
0.1525,33.95,1.85,4743.92,0.455
0.4675,12.53,5.06,3887.11,0.4507
0.3805,25.28,0.07,3957.31,0.3546
0.3922,26.2,3.04,4412.62,0.4923
0.3114,23.3,4.07,4581.09,0.4868
0.0643,14.39,2.67,5057.93,0.3025
0.0331,13.13,0.47,3686.07,0.1473
1.2842,22.93,5.35,4759.23,0.8366
0.5618,30.98,2.85,3956.56,0.5603
0.5058,33.4,3.38,4934.94,0.6222
0.8867,8.18,1.3,5093.51,0.454
0.2915,9.64,2.66,4891.77,0.3247
1.2354,33.34,2.36,5345.74,0.8255
1.0244,27.1,0.41,4339.02,0.596
0.1253,31.49,0.58,5412.77,0.4061
0.5487,11.08,4.61,4581.92,0.4747
1.1441,22.63,1.32,4710.46,0.6424
1.2287,26.03,1.07,5120.26,0.7049
0.6129,25.4,2.78,3545.9,0.5092
0.8013,17.24,4.23,5134.99,0.6135
0.2255,5.46,0.34,5046.46,0.1904
1.2886,22.49,3.17,4274.62,0.7355
0.3089,12.59,0.66,3714.49,0.2355
1.2261,18.51,0.2,3727.34,0.5523
0.848,33.73,0.29,5808.06,0.6529
0.794,16.97,4.59,5223.2,0.6256
0.6714,30.19,0.65,3817.76,0.5017
0.3076,10.66,0.25,4391.81,0.2308
0.2377,25.17,2.41,4981.21,0.4358
0.2944,34.31,4.64,5588.93,0.637
0.2505,8.06,1.44,3609.15,0.2029
1.0157,5.25,2.32,4091.58,0.4655
0.4617,18.01,0.22,5724.37,0.3934
0.0846,7.78,2.47,3522.91,0.1835
1.2601,27.45,3.18,4003.5,0.7588
1.1501,32.44,3.14,5897.56,0.842
1.2068,18.02,1.83,5033.5,0.6537
1.2934,12.76,1.74,4154.18,0.5968
0.2343,18.03,0.59,3667.48,0.2548
0.5212,26.7,2.02,3570.48,0.4655
0.9881,5.27,0.55,4111.86,0.3937
0.9079,22.68,4.22,5703.71,0.7154
0.2085,23.4,5.31,4539.78,0.4994
1.0624,24.13,5.34,5300.83,0.7999
0.2995,12.26,4.76,5795.71,0.4622
0.2987,26.42,3.3,4520.1,0.4792
0.7027,7.74,3.85,3978.19,0.4417
0.7749,10.98,1.57,4792.79,0.4413
0.7583,31.32,3.47,5770.21,0.7188
0.128,27.16,2.51,5510.94,0.4439
1.1419,5.41,2.65,3664.57,0.5007
0.3526,12.45,4.17,5231.43,0.4361
0.1771,11.43,1.55,4929.74,0.266
1.1565,13.12,1.75,5768.66,0.6227
1.2428,12.43,5.09,3806.2,0.6863
1.1221,6.88,0.31,4835.09,0.4689
1.0543,18.77,2.67,5698.66,0.6703
0.8553,26.98,5.02,4525.06,0.718
0.7206,23.2,3.36,4704.99,0.591
0.1222,25.19,3.01,3676.15,0.37
0.5369,7.43,1.37,4195.36,0.3065
0.4908,33.54,1.89,4311.27,0.5397
0.3451,30.15,4.69,5862.81,0.6297
0.9432,29.15,3.08,4206.67,0.6803
0.6497,29.69,2.83,4652.17,0.6034
0.1145,32.98,0.55,5178.26,0.405
0.294,21.33,0.09,3905.46,0.2928
0.8914,11.01,5.3,4716.11,0.61
0.1082,23.5,2.07,5346.35,0.3838
1.1081,27.29,3.32,5667.14,0.7823
0.6487,27.14,0.44,5065.65,0.5109
0.63,20.64,3.76,5172.63,0.5744
0.7742,7.05,5.13,3815.71,0.4978
1.0738,16.13,3.17,5864.44,0.6785
0.4587,32.62,0.69,3831.44,0.4591
0.8846,22.53,3.2,5436.68,0.6591
0.7398,21.15,4.21,4162.04,0.5885
0.3545,13.07,2.24,5833.98,0.3959
1.1434,16.05,4.84,5299.9,0.7374
1.0387,31.86,3.57,5384.53,0.7979
0.8594,24.99,4.95,4047.65,0.6805
1.1073,28.62,3.43,4607.6,0.7551
1.1288,18.63,0.72,5044.53,0.595
0.9238,23.91,1.7,5424.93,0.628
1.0897,12.45,1.11,3759.9,0.4928
0.9097,26.16,5.0,5905.91,0.7822
0.8874,17.83,4.18,5725.55,0.6669
0.808,18.28,3.72,4175.87,0.5676
0.981,24.48,1.66,5556.9,0.6543
0.2146,33.09,1.01,4795.81,0.4382
1.1463,6.92,4.16,4654.52,0.6095
1.1347,29.74,2.61,4286.09,0.7304
0.0477,13.77,1.24,4952.42,0.2359
1.0753,18.32,3.39,5324.72,0.6842
0.1762,5.66,0.22,4527.33,0.1518
0.4423,14.03,1.79,5073.05,0.3844
0.9691,20.08,2.58,5248.28,0.634
0.2174,6.69,0.81,5277.8,0.2248
1.0652,19.73,5.42,3629.92,0.6992
1.0835,32.81,1.15,5649.37,0.7424
0.6646,8.16,0.72,4645.63,0.3464
0.0182,27.93,1.12,4156.04,0.312
0.3803,17.29,4.23,4104.41,0.4432
0.8058,24.66,2.34,4707.54,0.5927
1.2757,12.81,3.11,5717.08,0.7041
0.825,9.78,0.12,4445.87,0.3799
0.3451,9.81,0.19,5374.31,0.2722
0.8279,7.11,2.45,3742.05,0.4145
0.7066,10.57,4.49,4690.14,0.5189
1.016,24.93,4.87,5979.22,0.8026
0.148,31.45,0.48,5426.09,0.4096
0.9917,29.42,2.96,4026.32,0.686
0.7082,25.55,5.02,4753.6,0.6696
1.2523,8.31,2.13,4084.06,0.5574
0.451,13.68,4.56,4523.9,0.4628
0.8261,14.29,0.74,5450.21,0.4816
1.2123,12.5,5.14,5428.06,0.7442
0.1422,20.45,4.13,4070.25,0.392
1.219,21.07,5.18,5805.56,0.8363
0.8974,15.71,3.72,4981.42,0.6053
0.0975,15.61,2.0,4449.81,0.2745
0.3982,29.86,5.16,4754.84,0.6163
0.9235,28.68,1.52,5012.68,0.6458
0.0969,14.23,1.83,4899.73,0.2743
0.761,32.41,3.85,4716.01,0.7006
0.4562,33.58,4.21,4762.33,0.6318
0.811,14.8,5.11,3941.03,0.5799
0.069,15.63,1.13,5531.83,0.2776
1.1343,20.17,4.39,4854.4,0.7357
1.2658,33.23,4.06,3827.7,0.835
1.2599,31.29,0.35,5415.39,0.7452
0.9771,8.08,2.13,5831.11,0.5406
0.1778,16.78,1.56,5868.27,0.35
0.9882,21.6,1.67,4422.54,0.5868
0.0417,20.09,5.41,3838.79,0.3953
0.0385,10.82,3.54,4796.0,0.2852
0.4275,30.76,3.95,3781.52,0.5501
0.6403,25.31,5.37,5834.97,0.7026
1.0038,30.14,2.07,3958.95,0.6608
0.8915,30.76,4.41,4131.91,0.7236
0.5852,27.45,2.39,4516.59,0.5429
0.363,18.18,4.78,4457.91,0.4797
1.2963,23.32,0.99,5486.66,0.7142
0.5598,9.81,5.21,4640.79,0.4914
0.5923,25.21,1.2,3926.92,0.459
0.2211,10.38,1.79,4168.02,0.2488
1.0353,25.82,4.16,4772.78,0.7421
0.9049,11.89,2.17,3868.63,0.474
0.2948,8.53,3.35,5029.14,0.3468
0.1163,9.96,2.45,4914.37,0.2668
0.8878,5.06,4.08,5286.76,0.5364
0.8543,26.56,1.26,5844.26,0.6301
0.3625,26.97,0.32,5780.64,0.4456
1.2366,20.45,1.65,5865.19,0.7104
0.2049,9.84,2.61,4111.79,0.2668
0.5677,7.51,0.92,3828.91,0.2857
1.2273,5.57,1.95,4255.69,0.5265
0.5514,9.97,2.2,5737.71,0.4246
0.8337,31.73,0.32,5930.13,0.6373
0.5229,12.25,3.21,5648.31,0.4686
0.3637,15.63,4.86,3775.04,0.4336
1.2793,8.16,0.83,5868.57,0.5885
0.538,11.67,3.29,4558.4,0.4275
1.1634,20.58,3.66,3523.28,0.6684
0.3066,23.23,2.31,4605.98,0.4217
0.2849,12.36,3.86,3615.17,0.3386
0.0502,6.73,2.26,4859.69,0.2097
0.8507,16.73,2.78,4346.39,0.5401
0.4854,12.03,0.04,4683.59,0.3013
1.125,11.59,3.8,5032.93,0.645
0.6204,33.8,3.64,5672.0,0.6999
1.259,23.49,0.21,5154.75,0.6626
0.2493,21.71,2.03,4585.12,0.38
1.1305,17.47,5.38,5548.57,0.7752
1.0118,17.87,2.31,5763.96,0.6391
1.0045,21.23,2.76,3799.4,0.6034
1.0998,25.89,5.0,4829.83,0.7953
0.9917,26.06,3.94,4211.28,0.7002
0.8178,10.15,3.2,3617.65,0.4597
0.1793,20.0,4.39,5171.37,0.4531
0.052,17.36,4.75,5656.93,0.4238
1.1979,31.12,2.51,3907.26,0.7429
0.8055,23.94,2.61,5531.03,0.6292
1.0375,20.98,2.12,5633.49,0.6615
0.6312,8.46,5.32,5785.85,0.5516
0.1613,23.17,3.83,4163.21,0.414
0.1715,8.52,0.46,5759.88,0.2329
0.8944,15.12,4.75,4301.66,0.6096
0.5651,9.29,2.64,4880.85,0.4047
0.2687,25.76,0.38,3626.27,0.3223
0.6442,11.19,3.02,3609.7,0.4083
0.0928,16.76,2.29,5300.93,0.3275
0.7607,31.87,4.83,4611.2,0.7273
0.357,11.13,1.12,4140.73,0.2716
1.0389,20.23,4.55,3976.03,0.6776
0.4104,17.58,3.07,5174.88,0.4556
0.5972,5.54,0.3,3501.0,0.2422
0.025,28.78,5.35,5514.73,0.5295
0.1035,7.07,2.82,3698.12,0.2029
0.5163,19.23,1.6,3978.72,0.401
0.6291,21.82,2.58,4465.59,0.513
0.784,23.85,4.72,4712.15,0.6658
0.3862,25.66,1.68,4387.49,0.4354
0.9065,12.6,1.06,4301.78,0.4575
1.1196,5.3,0.71,5909.79,0.5121
1.016,26.7,1.64,5103.95,0.6653
0.0611,21.07,4.29,3558.58,0.3577
0.6299,30.08,2.59,4575.44,0.5888
0.1454,29.64,1.25,5687.52,0.4318
0.3222,30.3,0.91,4253.64,0.4221
1.2828,19.55,1.83,3736.39,0.6383
0.1938,15.01,5.17,5395.96,0.4521
0.6536,28.75,1.89,5015.03,0.5769
0.8074,18.54,5.43,4925.78,0.6618
0.9162,10.5,2.67,3633.94,0.4744
0.7319,30.65,0.99,3851.25,0.538
0.0226,31.48,4.9,5056.37,0.5172
0.4311,18.99,2.53,4019.56,0.4082
0.6778,7.27,3.9,4760.18,0.4631
0.1233,16.63,5.41,4862.2,0.4317
0.4623,29.11,0.28,4208.77,0.4303
0.0528,32.05,0.53,5871.06,0.4051
0.1114,11.1,3.96,5606.16,0.3577
0.522,7.01,1.55,5305.93,0.3493
0.1812,31.32,1.01,3694.98,0.3687
0.7421,16.68,0.22,3765.33,0.3899
0.8994,21.25,0.12,4731.95,0.5125
1.0428,34.04,4.26,3901.78,0.7836
0.2682,7.0,0.74,5945.66,0.2673
0.2261,24.45,2.57,3896.3,0.3884
0.1449,7.22,3.33,4718.67,0.2763
0.831,16.26,2.36,4410.3,0.5173
0.9214,29.11,0.15,5098.47,0.6024
0.0507,18.0,4.31,3822.59,0.3395
1.2177,34.92,0.06,4575.79,0.7192
0.077,21.77,4.19,4186.76,0.3901
0.7083,14.63,4.91,5719.38,0.6107
0.9247,11.6,2.38,3601.46,0.4746
1.1336,15.52,2.95,5784.32,0.6805
0.9312,16.18,2.62,5582.49,0.6038
1.0442,7.06,2.14,4243.93,0.4894
0.4479,16.09,4.88,5473.23,0.5321
1.0611,18.93,4.92,3578.03,0.6708
0.1133,26.68,1.85,5917.16,0.4275
1.1643,24.7,3.38,4816.49,0.7455
0.7164,26.26,5.1,4258.2,0.6613
1.0643,5.25,5.29,4406.46,0.6011
0.5935,11.53,2.8,3666.01,0.3899
0.8402,24.85,2.49,5973.37,0.661
0.6891,19.52,1.53,3598.23,0.4389
0.9538,5.16,5.27,5137.27,0.5948
0.1153,29.13,0.79,4606.84,0.3582
0.0879,28.18,3.19,5872.29,0.4795
0.3288,21.45,1.55,4115.0,0.366
0.2158,6.99,1.53,4830.22,0.2352
1.1346,28.0,2.23,4705.89,0.7184
0.2928,22.51,5.49,5257.17,0.553
1.2689,28.46,0.3,3670.03,0.6521
0.4446,27.55,3.18,3984.47,0.508
0.2449,29.09,0.45,4036.41,0.3625
1.0287,20.54,0.85,5345.38,0.5973
0.8597,9.21,2.42,3972.85,0.4504
0.6527,25.13,2.81,4933.73,0.5758
0.7264,23.61,1.42,4038.11,0.499
0.9378,27.27,1.74,5654.06,0.6717
0.3047,10.1,0.48,5855.46,0.292
1.2953,10.85,1.67,4796.23,0.6041
1.2675,31.71,5.32,4380.77,0.8905
0.8489,27.5,5.2,4085.14,0.7094
0.2674,32.25,1.84,3624.45,0.4306
0.8875,27.76,3.14,4171.25,0.6521
0.1031,22.91,5.0,5135.59,0.4753
0.0495,24.62,0.03,4834.04,0.2807
0.3424,31.67,4.46,5860.1,0.6334
0.6068,22.36,5.22,4490.69,0.6078
1.1301,23.97,0.5,5234.66,0.6407
0.948,9.69,0.89,4723.31,0.456
0.9681,19.22,5.28,4781.44,0.7059
0.5589,26.49,2.96,4169.44,0.5334
0.4563,13.13,0.08,4637.38,0.3013
0.4886,11.07,1.42,4676.96,0.3439
1.2841,14.41,2.47,5266.61,0.6791
0.0617,12.25,3.81,5851.6,0.3566
1.1285,11.45,4.03,4323.3,0.6249
0.7565,17.75,5.47,3605.5,0.588
0.5758,32.24,1.58,4740.74,0.5606
0.9456,20.21,2.96,4861.15,0.6263
0.6378,10.64,2.93,3921.1,0.4108
1.1367,7.31,2.23,5401.16,0.5695
1.1719,25.88,0.93,5962.32,0.7147
0.554,16.48,5.38,5864.44,0.6019
0.3671,29.65,4.69,3992.77,0.5574
0.7741,24.79,2.74,5688.41,0.6378
1.1869,28.89,3.32,5261.23,0.804
0.2818,13.16,1.25,4634.62,0.2903
0.8136,25.77,2.99,4851.53,0.634
0.8247,12.92,3.82,5624.0,0.5884
0.9557,33.17,2.83,4700.34,0.7293
0.1797,24.09,5.45,4433.02,0.4973
0.9334,14.74,3.36,4733.12,0.585
1.1827,13.09,2.04,4947.82,0.6082
0.2418,10.73,4.25,3972.69,0.3398
0.3164,25.84,0.94,5752.27,0.4431
1.2631,11.56,2.11,5185.47,0.6319
0.2435,22.86,1.91,5083.17,0.4036
1.1122,12.94,2.37,3748.74,0.5493
0.645,24.86,4.3,5010.43,0.6283
0.3289,29.45,2.66,3802.4,0.4625
1.1333,28.34,4.37,3696.74,0.7584
0.5844,27.83,3.17,4818.28,0.5864
0.6741,10.63,1.88,4506.96,0.4072
0.4734,7.65,4.45,4972.03,0.4319
0.7749,25.97,1.31,3723.06,0.5176
0.2209,16.05,1.23,4577.46,0.2934
0.5145,17.97,2.77,3936.97,0.4305
1.2605,5.93,1.43,5967.75,0.5894
0.343,12.79,0.05,4902.88,0.2731
0.8572,6.01,3.57,5218.59,0.5138
0.4295,31.38,2.81,4313.55,0.5358
1.0078,12.3,2.45,3736.85,0.5141
0.1788,21.72,5.32,5939.68,0.5322
1.2611,6.17,3.14,4215.65,0.5837
0.5954,25.01,4.75,4559.52,0.6127
0.3145,14.69,0.77,5124.66,0.3157
0.1048,31.94,3.13,3561.74,0.4223
0.229,31.64,4.77,5525.65,0.5961
0.6805,14.76,3.21,4841.45,0.5063
0.4447,32.03,3.95,4195.54,0.5828
1.0793,34.88,2.05,3654.02,0.7118
0.5658,29.76,0.51,3906.25,0.464
0.3308,30.35,2.52,5737.58,0.5431
0.8061,12.47,2.17,5215.06,0.5024
0.9217,22.3,4.77,4124.75,0.6732
0.2255,7.02,1.34,3664.0,0.1848
0.2262,7.85,5.32,5226.54,0.3994
0.0573,34.97,5.27,4931.02,0.5663
0.96,14.8,1.36,4511.3,0.5121
0.8663,27.45,1.91,4409.03,0.6077
0.6223,29.2,4.93,4042.04,0.6427
1.099,30.74,5.32,5174.03,0.8621
1.0493,34.93,2.44,5926.67,0.8081
0.7651,12.24,1.77,3939.29,0.4223
1.1301,6.21,2.89,4992.79,0.5658
0.2755,17.34,3.78,4560.46,0.4133
0.1544,8.9,1.5,4616.72,0.223
0.358,5.67,4.05,4135.37,0.3314
0.0836,15.81,0.28,5562.84,0.2539
0.6952,28.51,0.27,4713.14,0.5166
1.2182,21.99,2.12,4858.51,0.6947
0.0608,14.38,1.94,4261.9,0.243
0.1675,24.63,1.74,3954.52,0.3441
0.5933,11.96,2.7,3714.78,0.3918
1.2147,5.43,1.76,5285.3,0.5557
0.4178,27.93,1.06,3990.59,0.4261
0.6643,23.71,1.7,5225.19,0.5385
0.0636,27.87,5.36,4475.94,0.4924
0.2014,6.17,2.26,4539.44,0.2386
1.2828,30.11,2.45,4672.94,0.7888
1.255,23.59,3.17,4419.27,0.7404
0.0164,21.9,5.41,3751.55,0.3995
1.2378,23.74,1.33,4274.08,0.6637
0.8345,30.93,3.75,5159.34,0.7246
1.1296,22.61,3.94,5164.46,0.7512
0.5966,22.43,3.34,4215.56,0.5259
0.6751,34.72,0.49,4650.26,0.5692
0.6406,27.7,3.72,3983.62,0.5892
0.8703,18.27,0.35,4025.93,0.4581
0.1902,26.22,3.28,3557.62,0.4048
0.0487,16.68,4.07,5741.87,0.3956
0.4072,11.87,1.16,4026.77,0.2903
0.919,22.91,4.63,4068.83,0.6703
0.2704,32.85,0.17,4199.0,0.3989
0.8787,32.87,4.64,3818.52,0.7336
1.2612,15.26,2.53,5098.16,0.6748
0.1311,20.83,1.2,3687.86,0.27
0.8777,11.35,0.74,3835.51,0.4077
0.5824,34.87,5.24,5111.89,0.7331
1.1299,34.43,0.4,4349.15,0.6913
0.2385,24.49,1.1,5269.87,0.3941
0.9035,29.13,1.91,4893.56,0.6529
1.0912,26.45,3.41,4140.05,0.7121
1.2286,22.79,3.0,5127.07,0.7475
0.8914,6.6,0.69,3790.68,0.3676
0.6514,18.64,1.59,4841.03,0.4717
0.807,25.24,1.31,4592.87,0.556
1.1309,25.33,1.17,4169.68,0.6344
0.7461,16.19,2.26,5010.01,0.5109
0.0492,33.25,3.87,5678.33,0.528
1.2109,10.02,1.2,5997.26,0.602
0.8995,20.01,2.02,5019.41,0.5825
0.8827,25.73,2.15,4511.76,0.6108
0.2882,25.91,5.37,4063.02,0.5286
0.86,24.46,5.25,4142.74,0.6909
0.5181,13.26,4.4,4698.64,0.481
0.8501,9.69,1.33,4418.19,0.4297
0.1475,24.08,0.37,5784.54,0.3566
0.8586,22.98,1.74,4420.74,0.5613
1.2992,10.38,1.47,4433.61,0.5795
0.0722,26.15,2.78,4458.84,0.3858
1.2706,18.66,4.28,5591.55,0.7902
0.5349,25.03,4.72,5126.97,0.6158
1.1333,30.12,4.65,5035.42,0.8374
1.0193,10.09,1.98,4335.36,0.5055
0.7415,5.57,3.78,5544.76,0.4951
0.9626,28.37,1.72,3595.91,0.6057
1.1433,23.29,0.33,5676.99,0.6505
0.5313,25.99,3.86,4781.87,0.5779
0.4319,30.14,0.05,4495.63,0.4329
0.8712,29.08,2.25,4742.92,0.6489
1.0521,33.83,1.81,5168.54,0.7463
0.9933,21.08,3.81,3531.91,0.6261
1.0392,19.65,4.21,5678.88,0.7284
0.5719,17.06,1.67,4616.85,0.4276
1.065,9.61,4.46,4357.42,0.6065
0.1651,22.18,1.62,3845.61,0.3136
0.7124,13.31,2.45,4598.66,0.4663
0.0174,32.64,4.0,4740.81,0.4802
0.4287,22.5,3.81,4509.12,0.5037
0.4827,22.79,5.43,5196.65,0.6092
0.5211,15.65,1.24,4552.24,0.3817
0.9072,6.56,3.64,5903.54,0.5639
0.5112,5.95,3.35,4998.19,0.39
0.5888,17.7,5.03,5518.69,0.5965
0.3164,7.54,0.86,3773.39,0.2042
0.4915,23.21,4.13,4493.23,0.5401
0.3032,31.43,3.13,4342.12,0.5102
0.1044,31.49,1.51,4923.71,0.4139
0.7884,24.77,2.61,5652.78,0.6359
0.872,11.34,1.84,3695.85,0.4403
0.8091,30.89,3.19,3681.44,0.637
0.6079,31.58,4.89,5625.79,0.7206
0.4999,10.9,3.13,4032.13,0.3823
1.1237,27.12,3.47,5171.88,0.7713
0.6796,13.6,2.85,4857.2,0.4836
0.6281,29.08,0.28,5582.23,0.536
0.0431,34.92,1.28,3812.72,0.3716
0.4502,5.9,2.71,3824.46,0.3006
0.5005,31.92,1.71,4892.05,0.5455
0.5245,23.68,1.0,5865.95,0.4954
0.7584,34.2,2.77,4537.49,0.6687
0.6983,18.95,1.78,4317.36,0.4747
0.7942,30.42,1.42,5016.72,0.6174
0.9967,6.87,2.55,5826.12,0.5513
1.0588,15.06,0.73,5592.32,0.5651
0.9364,7.01,5.1,5988.71,0.6332
1.2426,34.26,4.77,3556.42,0.8517
0.0335,29.51,3.89,3782.15,0.416
0.2626,30.58,0.58,5023.67,0.425
0.0198,33.14,4.27,5551.44,0.5275
0.8452,7.55,4.44,4213.11,0.5148
1.1685,16.57,4.22,4098.03,0.6789
0.3241,7.13,0.63,5467.44,0.2624
1.2059,11.32,3.54,3640.95,0.6024
0.0877,11.88,4.59,4423.46,0.3327
1.2154,19.07,3.18,4764.52,0.7036
0.4636,13.06,3.56,4900.87,0.4401
0.1408,8.03,2.52,5321.54,0.2766
0.6368,10.02,2.91,4387.11,0.4231
0.3412,9.42,0.19,5031.71,0.2539
0.3775,34.19,3.51,4963.44,0.5954
0.4064,27.78,0.45,4869.04,0.4343
1.0459,34.03,2.39,5101.21,0.7645
0.7055,18.19,1.61,4148.62,0.4575
0.4116,13.35,3.0,3711.62,0.3586
0.7973,28.95,0.73,3798.18,0.5319
0.9338,14.79,3.8,4061.46,0.5747
0.3617,13.98,4.37,4750.49,0.44
0.5435,11.98,0.9,5601.11,0.3867
0.1672,8.89,0.57,5253.23,0.2185
0.2437,12.69,0.8,5472.6,0.2918
0.8886,15.66,4.82,4377.44,0.618
0.2441,25.22,2.91,4511.63,0.4376
0.6875,6.88,2.57,4484.2,0.4033
0.9247,11.32,0.59,3979.68,0.4222
0.1479,29.27,3.57,3653.04,0.4323
0.7418,9.41,4.77,4977.29,0.5414
0.341,15.28,4.56,5973.04,0.5006
1.2522,30.94,3.44,3917.07,0.7923
0.6338,9.65,0.41,3616.71,0.2973
1.0497,7.48,0.62,5448.83,0.4876
0.7198,19.54,0.27,4131.47,0.424
0.066,14.07,1.42,5574.11,0.2755
0.8268,21.9,0.75,5259.84,0.5398
1.2373,29.11,1.43,5864.18,0.7768
0.7861,9.11,2.12,4522.32,0.4379
1.0668,22.42,5.19,5154.92,0.7753
1.1506,20.17,3.36,4662.14,0.6956
0.3042,9.32,4.59,5076.47,0.4035
0.2835,23.72,3.91,4624.0,0.4777
0.7982,13.21,0.62,3971.58,0.4002
0.5402,19.64,4.05,4769.74,0.5326
1.0934,7.47,1.51,4821.46,0.5082
1.171,18.79,3.52,5526.51,0.7304
0.4659,14.19,1.88,5338.8,0.4069
0.3156,29.67,5.49,5159.48,0.6174
1.0169,6.71,1.45,3783.47,0.4345
0.3645,17.56,1.54,5301.54,0.3907
1.0712,18.75,5.12,4750.76,0.7265
0.5566,26.75,0.14,5735.25,0.495
0.8711,22.23,3.83,5799.68,0.6898
0.1332,25.02,3.99,3637.89,0.406
0.8148,28.31,4.6,5551.6,0.7427
0.5928,30.87,5.36,3594.24,0.6457
0.7667,14.42,5.37,4417.92,0.5915
0.2267,21.14,0.36,4855.75,0.3183
0.9606,30.2,4.52,3870.25,0.7336
1.123,34.68,3.55,5365.78,0.8465
0.2896,31.69,3.56,3520.89,0.491
0.1335,16.14,0.71,3921.5,0.2221
0.0405,10.85,3.58,4951.99,0.2937
0.8381,19.68,5.4,5285.97,0.6944
0.7932,27.25,5.02,5791.61,0.7518
0.7152,19.78,2.42,5263.74,0.5482
0.3092,19.5,0.22,5179.45,0.3375
0.5143,30.15,1.99,4485.85,0.5285
0.7769,15.84,4.55,3503.21,0.5404
0.6508,30.79,3.86,3800.4,0.6165
1.2842,17.2,2.53,4836.39,0.688
0.186,14.85,0.3,5187.82,0.2629
0.9067,18.62,2.35,4543.62,0.5658
0.5316,27.87,2.58,5326.7,0.5693
0.5624,8.78,5.11,4804.66,0.4863
0.9357,10.89,3.53,3685.44,0.517
0.9032,33.54,1.71,3980.04,0.6468
1.2887,10.26,2.89,5600.0,0.6736
0.1756,22.03,0.36,5312.28,0.3284
0.1443,22.38,5.35,5736.9,0.5203
0.9444,19.69,1.98,3793.89,0.5431
0.7561,24.34,2.63,5975.56,0.6359
0.3637,11.89,1.95,4023.52,0.3057
0.1125,21.58,3.75,3529.45,0.3571
0.1205,16.17,3.64,5993.56,0.4078
1.1635,24.85,3.93,4202.68,0.742
0.2575,9.24,1.47,5170.05,0.2787
0.4271,22.13,1.74,3941.71,0.402
0.3024,10.56,0.69,4950.57,0.2667
0.4679,13.36,3.61,5760.09,0.4802
0.0996,11.56,0.22,4300.45,0.1697
0.6796,10.49,3.29,5175.63,0.4857
0.0972,29.77,4.78,3969.76,0.4777
1.0425,13.57,4.9,5061.99,0.6777
0.3115,32.81,2.47,4341.13,0.5005
0.7066,34.1,2.53,4028.02,0.6228
1.1453,22.14,0.42,4282.96,0.5888
0.8496,9.29,3.69,3947.1,0.4931
0.6975,16.24,4.52,5754.79,0.6084
0.4284,28.93,1.35,4492.97,0.4686
0.4396,16.02,2.32,4113.2,0.3815
0.8736,7.61,4.61,4621.02,0.5465
1.2924,21.7,4.82,4301.34,0.791
0.8638,30.35,1.34,5361.05,0.6491
0.7295,28.88,3.03,5928.05,0.6793
0.9525,10.25,1.06,4595.08,0.4633
0.6101,25.18,0.56,5652.58,0.51
0.0876,11.62,5.01,4914.66,0.3653
0.7354,11.55,4.51,3893.09,0.505
1.2453,31.22,4.18,5226.56,0.8718
0.2361,12.49,0.27,4783.59,0.2409
0.9001,12.9,4.64,5126.52,0.6213
0.2692,5.02,2.41,5724.22,0.3025
0.7012,31.12,1.88,4601.09,0.5949
0.1347,28.78,3.01,5752.94,0.4877
0.591,23.82,0.5,5376.67,0.4793
0.9855,27.51,4.16,4721.51,0.7392
0.4584,9.56,3.2,5008.06,0.3997
0.8677,18.75,1.03,4313.95,0.4977
1.0361,15.54,1.04,5958.99,0.5882
1.2061,7.81,1.01,5168.38,0.5415
0.3127,19.58,0.31,3609.62,0.2797
0.5251,32.62,3.23,4316.55,0.5913
0.2066,6.2,4.62,5058.29,0.347
1.2903,13.74,0.1,3640.83,0.5241
1.2058,11.23,0.27,3559.71,0.4795
0.7065,12.14,3.15,4625.06,0.481
1.0962,32.25,4.51,4331.73,0.811
0.682,19.04,1.8,4595.75,0.4823
0.8144,18.99,1.92,4156.73,0.5094
0.125,27.82,3.28,3911.79,0.4127
0.9843,9.63,1.51,5222.86,0.5092
0.1748,19.62,0.15,4786.43,0.2789
1.0756,17.9,4.04,4000.39,0.6513
1.0188,22.91,3.44,4298.97,0.6669
0.9243,34.99,3.19,4979.52,0.7595
0.0566,28.08,4.08,3680.57,0.4137
0.401,16.94,3.71,3868.63,0.4182
0.3494,29.83,1.13,3683.11,0.4116
0.4746,10.12,1.94,5530.79,0.3846
0.1231,5.91,0.69,5381.02,0.1889
1.2187,11.13,0.71,5383.28,0.5715
0.7244,15.21,3.72,5290.81,0.5602
0.4041,20.32,4.72,5173.46,0.5371
0.5221,23.45,5.3,4692.48,0.6021
0.5869,32.32,3.46,5105.7,0.6477
0.7848,20.3,1.01,3595.9,0.456
0.6752,20.04,0.58,5053.66,0.4628
1.196,6.51,4.47,5444.69,0.6641
0.6511,6.05,3.18,4750.9,0.4179
1.2899,21.53,3.4,4393.78,0.7408
1.1083,18.15,4.3,4193.57,0.6807
0.279,30.18,3.87,5107.01,0.5495
1.2105,9.82,4.59,5232.0,0.6928
0.1601,5.75,0.31,5677.42,0.1969
1.0645,18.47,4.11,4355.84,0.6695
0.501,12.12,4.68,5424.43,0.5052
1.1426,6.49,1.57,4903.39,0.5204
1.1298,26.74,3.52,5707.09,0.7931
1.0496,8.35,1.73,4819.53,0.5102
1.0291,23.25,5.27,4794.07,0.7593
0.403,13.43,0.18,4944.69,0.3034
0.1144,10.2,3.19,5373.29,0.3136
0.5298,16.39,0.92,5911.73,0.4334
0.2338,29.04,3.92,3683.91,0.4708
0.9065,16.76,0.97,3633.59,0.4632
0.4565,27.52,1.29,5843.88,0.517
1.2685,8.76,2.72,4824.69,0.6173
0.8369,28.18,5.03,5037.26,0.7435
1.071,12.11,1.16,4706.06,0.5238
0.181,25.32,0.79,3734.14,0.3108
1.122,21.97,4.17,5420.22,0.762
1.2004,32.87,2.75,5368.06,0.8258
0.6383,16.62,5.01,4279.26,0.5522
0.7921,6.98,0.81,4265.6,0.3636
0.9966,5.57,3.55,5594.6,0.5673
0.2355,29.81,1.28,3680.89,0.3818
0.6583,20.74,0.86,5702.76,0.4997
0.5243,28.26,3.76,4141.65,0.5659
0.1988,12.03,3.27,4982.46,0.3425
0.4841,15.35,4.15,5839.99,0.525
0.0979,5.9,1.7,5195.31,0.2103
0.0433,33.84,2.46,4536.07,0.4343
0.1844,25.04,2.23,5223.84,0.4214
1.2524,33.0,5.41,4359.95,0.8993
0.7189,12.96,1.61,4193.15,0.4186
1.2559,23.34,1.62,5991.71,0.7451
0.5679,25.35,1.95,5376.98,0.538
0.4122,14.53,3.11,5111.8,0.4289
0.6629,30.44,1.39,4388.22,0.551
0.577,33.41,5.03,3622.9,0.6517
0.1463,31.55,1.46,3577.64,0.3716
0.8367,27.17,4.93,4885.45,0.725
0.2887,13.32,0.57,5405.08,0.2999
0.8093,13.45,3.61,4843.45,0.5493
0.8488,33.9,4.99,5601.96,0.8173
0.2061,5.31,0.93,3583.57,0.1461
0.0891,26.48,5.33,4416.88,0.4849
1.0172,26.19,2.49,4092.68,0.6517
0.6031,23.68,5.2,4618.18,0.6224
0.085,34.7,3.72,3680.94,0.4661
1.2934,14.36,1.66,5885.33,0.6768
0.0845,15.2,1.04,4058.14,0.2164
0.9066,7.37,1.67,5805.77,0.4951
1.2789,18.28,0.51,4564.73,0.6113
0.3185,12.83,0.79,5963.81,0.3353
0.1935,15.3,0.58,4885.15,0.2672
0.1666,30.04,2.33,5827.08,0.4866
0.4012,33.06,4.38,3513.37,0.5666
0.1403,10.57,0.78,5370.6,0.237
0.9029,16.18,0.72,5757.63,0.533
0.0904,32.86,3.54,3849.3,0.4522
0.6672,6.85,1.08,3740.31,0.3129
1.2957,7.77,0.54,4561.43,0.5274
1.06,9.88,0.92,5834.2,0.5377
0.8036,22.86,5.08,4855.97,0.6822
0.4051,9.51,4.52,4818.64,0.4233
0.8148,34.04,1.95,3852.82,0.6275
0.6899,18.4,3.61,3501.97,0.5013
0.5596,20.05,2.96,5525.35,0.5327
0.1786,12.4,3.72,3718.94,0.3053
1.1537,19.13,3.75,5084.62,0.7187
0.5902,24.86,3.46,5786.54,0.612
0.2611,27.54,1.46,4021.63,0.3904
0.4844,27.62,0.21,5163.18,0.46
0.5442,22.34,2.51,3696.75,0.4581
1.0775,32.13,4.9,5009.39,0.8455
0.9564,29.52,3.13,3909.83,0.6775
1.0024,27.71,4.58,5339.88,0.7861
0.0242,6.67,5.45,4253.08,0.2929
0.5468,5.21,0.9,4658.48,0.292
0.6309,11.37,3.8,4998.58,0.4897
0.0348,24.91,3.71,3928.18,0.3763
0.3452,17.34,5.39,5354.09,0.525
0.9908,17.07,5.42,4256.6,0.6785
0.1869,31.54,3.78,5155.93,0.5315
0.7006,31.87,1.34,3895.71,0.5533
0.2876,32.28,4.39,5220.29,0.5936
0.0256,14.42,0.59,3820.47,0.1658
0.3211,25.73,4.29,4563.39,0.5179
1.2689,13.15,5.01,4118.02,0.71
1.044,10.72,2.11,5370.94,0.5647
1.2479,10.54,3.47,4155.09,0.6267
0.6393,15.26,2.37,5704.29,0.5019
0.1516,17.9,2.41,5729.55,0.3769
0.7169,29.93,1.71,3991.1,0.559
0.5961,8.6,4.19,5034.61,0.4709
1.0992,27.05,5.15,3719.29,0.7661
0.1365,20.94,5.17,4478.84,0.4486
0.6398,13.64,0.96,5283.3,0.42
0.2036,19.78,4.81,5148.56,0.473
0.4288,14.0,4.06,5061.75,0.462
0.9612,22.88,1.39,4206.35,0.5707
0.6241,18.02,0.37,4445.06,0.3977
0.4949,9.93,1.47,3757.37,0.3011
0.5189,8.5,5.02,5297.56,0.487
0.6027,21.4,3.48,4759.72,0.5458
1.0227,32.07,3.97,5271.91,0.8048
1.1608,15.32,1.41,4122.36,0.5647
1.2424,26.99,3.96,4311.1,0.7901
1.0251,24.76,0.15,4335.54,0.5665
0.4169,32.95,2.06,3564.36,0.4882
0.8977,29.63,3.45,4352.62,0.6897
0.5745,22.0,0.8,5508.26,0.4748
0.3385,24.71,4.53,5743.25,0.5704
1.0947,31.95,1.29,4795.55,0.7094
0.0596,16.99,3.59,4638.75,0.3401
1.1733,14.8,2.23,3577.06,0.572
0.6053,5.32,3.28,5698.01,0.439
0.832,29.8,0.59,3532.53,0.5342
0.8606,29.03,0.09,5861.88,0.6114
1.1647,8.13,5.0,4723.04,0.6588
0.8313,22.31,1.48,4354.84,0.535
0.802,18.92,4.51,5810.55,0.6654
0.096,8.56,5.5,3560.98,0.3053
0.6787,34.42,1.16,4953.56,0.6042
0.2037,11.44,1.46,4872.33,0.2687
0.9613,7.02,3.65,4048.3,0.5106
0.6708,22.85,5.31,4572.22,0.6382
0.8875,27.17,5.04,5130.66,0.7545
0.0638,5.97,2.77,5317.83,0.2442
0.1194,24.76,4.37,3501.79,0.4079
0.9341,20.97,0.75,5842.13,0.5881
0.103,8.1,5.38,3911.31,0.3132
0.1019,10.18,5.3,4083.95,0.3347
0.0256,22.04,0.9,4158.68,0.2559
1.2439,13.89,1.65,3594.55,0.5656
0.9614,33.15,0.55,3807.63,0.6123
0.4657,29.56,1.49,5965.87,0.5495
0.3925,34.51,4.49,4288.04,0.6114
0.4611,12.79,2.08,3788.25,0.3387
1.0093,34.09,0.49,3767.48,0.6313
0.8632,17.94,1.88,5298.65,0.5597
0.2489,15.43,5.4,5636.42,0.4907
0.2346,6.51,3.46,4142.38,0.2795
0.1369,6.58,2.29,3552.27,0.1839
0.8618,25.76,0.92,4057.73,0.5417
0.996,18.74,5.42,3641.29,0.6698
0.3519,11.8,4.51,3758.49,0.3838
0.037,23.42,1.55,4578.77,0.3116
0.116,12.59,0.39,4074.8,0.1808
1.2585,22.33,0.31,4789.86,0.6415
0.3911,15.78,0.66,4133.73,0.3049
1.0023,29.71,3.19,5851.34,0.7731
0.8158,29.62,5.11,5764.86,0.7813
0.5027,19.32,2.73,4917.02,0.4762
0.2753,15.52,4.64,4386.06,0.4219
0.1666,15.88,2.45,4452.87,0.3146
0.8034,29.17,3.9,4529.63,0.6802
1.0093,14.85,4.03,5318.95,0.6571
0.8406,11.27,0.96,4629.1,0.4353
0.6941,7.54,1.99,5641.82,0.4362
0.0641,19.0,3.51,5860.24,0.4046
1.2594,19.46,0.39,4339.87,0.6021
1.0403,30.23,1.99,4901.74,0.7076
0.3877,11.64,2.94,3737.64,0.3355
1.2742,16.43,5.48,4001.17,0.7522
0.7864,29.25,2.61,4533.66,0.6289
0.7613,29.71,4.49,4015.51,0.6728
0.975,16.54,2.38,5691.4,0.616
1.0572,18.77,4.38,3895.72,0.6613
0.8569,14.1,3.27,4639.15,0.549
0.1752,32.98,4.88,5014.25,0.5746
0.4464,8.56,2.26,5229.66,0.3621
1.2072,33.01,3.32,4457.67,0.8134
0.2998,25.52,3.47,5672.75,0.5241
0.4901,20.95,2.3,4920.8,0.4708
0.5674,5.98,0.79,4598.77,0.2985
0.5768,19.27,0.51,3668.1,0.3679
0.8007,17.23,0.09,4661.72,0.4438
1.2266,9.84,4.8,5551.84,0.7184
0.3205,24.69,1.3,5036.35,0.419
0.1667,34.13,1.16,5580.41,0.4692
0.2647,21.87,4.05,4735.03,0.4656
1.1541,26.44,1.76,3796.15,0.6576
0.8431,7.05,2.78,3534.1,0.4223
0.3788,17.53,0.89,4258.05,0.3295
1.0626,8.49,5.28,5244.98,0.6615
1.1212,23.38,4.68,5475.65,0.7946
1.102,33.15,4.75,4239.38,0.8255
1.1954,24.85,2.24,4739.13,0.7118
0.3354,7.3,4.19,4552.8,0.3602
0.984,15.64,0.79,4526.31,0.5066
0.6041,21.52,0.05,4078.37,0.3953
1.0962,17.1,0.11,3840.93,0.5015
0.9498,30.01,3.23,3991.72,0.6866
1.0116,29.44,2.5,3638.33,0.66
0.8564,23.35,2.85,3995.33,0.5871
0.2389,16.2,0.04,3523.0,0.2147
0.7131,12.66,2.32,5068.15,0.475
1.2802,8.18,3.95,4290.94,0.6393
1.2192,15.65,2.43,5932.86,0.695
0.0657,17.4,4.03,3984.29,0.3353
0.2226,25.27,1.28,4364.57,0.3662
0.1799,24.74,4.47,4394.6,0.4657
0.9465,7.1,3.24,3521.13,0.4708
1.0649,16.86,1.16,5598.02,0.5983
0.2854,10.45,1.3,3579.99,0.2279
0.6625,9.7,3.45,5850.45,0.5065
1.0945,29.82,4.56,5730.19,0.8474
0.9553,6.26,2.29,4838.8,0.4844
0.7095,17.58,1.42,4858.99,0.475
0.7715,10.05,4.77,5134.44,0.5624
0.6658,31.38,3.68,4467.63,0.6464
0.3938,21.71,2.46,5118.06,0.4614
0.7389,11.94,2.68,3611.92,0.4316
0.8987,20.07,1.12,3635.12,0.4947
1.1366,26.94,3.45,4643.08,0.7518
0.8308,33.74,1.97,4874.06,0.6714
0.9918,11.61,5.48,5719.54,0.6927
0.2165,31.59,2.64,3761.65,0.4439
0.6054,33.03,2.67,5556.62,0.6487
0.022,32.49,3.11,4025.12,0.4194
0.3282,24.06,5.04,4485.21,0.5299
0.9471,23.89,4.4,4291.51,0.6878
1.2894,17.1,2.48,4500.39,0.6735
0.1379,27.57,3.95,3876.24,0.4374
0.5279,20.94,3.22,4758.93,0.5094
1.0421,25.32,2.71,5504.11,0.7164
0.2732,17.85,1.06,4603.84,0.3198
0.7261,26.94,2.55,4726.53,0.5961
0.9557,29.73,1.35,5621.92,0.6829
0.8046,9.39,5.03,5265.15,0.5816
0.2526,29.99,1.84,4726.14,0.4507
0.4684,21.21,5.24,4144.24,0.5422
1.0211,30.34,2.93,5712.32,0.7693
0.725,17.94,3.47,4942.55,0.5607
0.0167,16.37,2.99,4052.87,0.2763
0.9917,32.45,0.71,4172.8,0.636
0.0556,12.54,2.07,5507.83,0.2802
0.972,30.33,0.55,3610.36,0.5835
0.2712,19.52,3.43,5980.23,0.4747
1.2459,20.42,2.46,3825.88,0.6609
0.4846,14.25,4.28,5490.17,0.5065
0.4317,22.19,1.21,4486.94,0.4065
0.2021,14.76,0.91,4730.54,0.271
0.4042,6.18,2.23,5701.63,0.3465
1.1409,13.16,5.1,4532.28,0.6906
1.2953,5.19,3.91,4843.73,0.639
0.4851,34.35,2.3,3623.25,0.5323
0.5887,33.97,2.84,3505.87,0.5758
0.9415,16.85,0.46,4112.0,0.4753
1.1532,26.85,5.42,5201.46,0.8501
0.775,15.37,3.67,3803.16,0.5158
0.5151,25.13,1.57,3784.4,0.4424
0.5423,29.16,3.22,4527.4,0.575
0.9073,33.4,0.6,5119.59,0.6521
0.0142,17.01,5.31,5280.18,0.4145
0.8093,28.5,0.96,3946.13,0.5461
0.4686,12.98,3.56,3698.97,0.3929
1.0345,34.71,1.35,5850.99,0.759
0.13,5.77,3.95,4151.67,0.2592
0.7688,23.11,4.27,5633.37,0.6752
0.6305,24.79,3.7,5658.73,0.6274
0.8386,25.64,3.38,5431.31,0.678
0.0937,8.61,4.91,3922.08,0.2981
0.7582,33.16,0.43,5554.5,0.6153
0.7343,10.44,1.82,5423.13,0.4585
0.7333,23.68,1.37,4991.81,0.5381
0.7885,11.68,5.43,4343.01,0.5739
0.8826,14.22,2.14,4156.27,0.4975
1.0484,21.39,4.03,3804.72,0.6647
0.3581,17.52,3.77,4774.39,0.4484
1.0743,9.81,1.17,4963.15,0.5157
0.6527,10.13,1.31,4398.35,0.3712
0.1094,17.54,1.55,4688.4,0.2879
0.0855,27.72,2.26,4408.79,0.3824
0.4412,31.94,1.29,5102.52,0.5205
1.0225,7.52,0.11,5753.15,0.4732
0.9229,16.79,4.84,3909.8,0.6203
1.0273,8.01,5.31,4453.52,0.616
0.6773,5.5,1.88,3852.17,0.338
0.5779,24.85,1.86,5062.36,0.5209
0.2002,23.07,0.04,5322.18,0.3337
0.4334,9.89,3.74,5829.78,0.4473
0.5699,12.01,4.54,4197.18,0.4713
0.1243,5.71,0.81,5875.53,0.2117
0.2946,30.05,0.88,3658.16,0.3865
0.7817,34.24,4.35,5007.53,0.7525
0.959,9.06,3.39,3642.83,0.5017
1.2979,11.94,0.25,5734.44,0.6002
1.2137,31.05,3.42,4824.52,0.8169
0.8389,32.79,1.7,5173.37,0.6679
0.5534,17.59,2.03,5578.93,0.478
0.8307,6.52,4.23,3875.78,0.4803
1.0235,6.18,4.46,3596.48,0.5339
0.1627,22.22,2.2,5697.2,0.4084
0.5388,16.79,5.21,4287.33,0.5306
1.0933,5.86,2.24,3822.45,0.481
0.5051,22.5,4.25,4671.15,0.5497
0.7477,5.34,2.66,4995.77,0.4324
0.7682,28.62,4.94,3577.43,0.6644
0.248,14.19,4.99,4187.24,0.4069
0.4773,6.21,0.48,3582.0,0.2208
0.4415,22.65,5.15,4550.84,0.5593
0.0438,16.93,4.54,5737.75,0.4132
0.0412,34.21,4.35,5956.63,0.5624
1.0829,21.33,1.11,5092.62,0.6201
0.3623,13.26,4.43,3904.09,0.4024
0.6783,26.28,4.68,5764.62,0.6947
0.3954,13.14,1.59,4790.62,0.3437
1.2235,32.13,5.24,3884.37,0.8578
0.3445,16.24,0.27,5804.32,0.3472
0.5643,21.5,0.82,5393.67,0.4635
1.1358,6.52,2.96,5329.26,0.5862
1.0961,17.78,3.17,5272.95,0.6759
0.2501,29.97,3.55,4000.85,0.483
1.0454,29.17,0.09,4027.52,0.5961
0.6011,11.73,5.28,5220.73,0.5463
0.633,11.78,0.25,4049.31,0.3268
0.1822,29.52,0.79,4596.68,0.3817
0.114,32.91,0.08,5455.0,0.3983
0.949,7.86,3.12,5459.88,0.5512
0.6504,18.5,5.13,4633.15,0.5906
0.5735,15.12,3.66,5480.47,0.5184
0.9511,31.12,4.52,5596.55,0.8076
0.9975,7.51,0.07,5136.94,0.4393
0.215,11.33,2.98,4071.06,0.2945
0.7972,27.57,2.53,4185.03,0.601
0.1846,6.54,2.74,4287.1,0.244
0.9793,19.78,0.4,3792.01,0.4971
0.8575,18.26,3.76,4182.9,0.5844
1.244,15.03,2.77,4023.8,0.6333
0.099,16.84,4.21,4638.32,0.3734
0.0836,20.9,2.67,5771.09,0.3928
0.374,9.84,0.82,3761.2,0.2397
